Ë≠âÂà∏‰ª??,Ë≠âÂà∏?çÁ®±,?ê‰∫§?°Êï∏,?ê‰∫§?ëÈ?,?ãÁõ§???ÄÈ´òÂÉπ,?Ä‰ΩéÂÉπ,?∂Áõ§??Êº≤Ë??πÂ∑Æ,?ê‰∫§Á≠ÜÊï∏,,,
50,?ÉÂ§ß?∞ÁÅ£50,"46,790,503","3,463,425,684",74.95,75.25,72.8,72.8,-2.05,"23,021",
51,?ÉÂ§ß‰∏≠Â?100,"43,172","1,177,199",27.3,27.57,26.75,26.75,-0.52,45,
52,ÂØåÈÇ¶ÁßëÊ?,"161,425","9,156,750",57.6,57.6,55.35,55.35,-2.35,67,
53,?ÉÂ§ß?ªÂ?,"35,076","1,163,448",33.36,33.61,32.56,32.69,-0.67,19,
54,?ÉÂ§ß?∞Â?50,"27,028","507,569",18.8,19,18.64,18.64,-0.36,13,
55,?ÉÂ§ßMSCI?ëË?,"62,050","940,984",15.35,15.35,15,15.1,-0.32,52,
56,"?ÉÂ§ßÈ´òËÇ°??,80",530,"934""","1,897,973,002",23.7,23.82,23.26,23.29,-0.38,"35,938"
57,ÂØåÈÇ¶?©Âè∞,"20,011","967,537",48.35,48.35,48.35,48.35,-0.9,3,
61,"?ÉÂ§ßÂØ∂Êª¨Ê∑?,5",889,"414""","103,296,868",17.3,18.5,16.9,17.93,1,"2,346"
6203,?ÉÂ§ßMSCI?∞ÁÅ£,"7,000","242,470",34.98,34.98,34.52,34.52,-0.2,5,
6204,Ê∞∏Ë??∫ÁÅ£?†Ê?,"7,000","327,600",47.17,47.17,46.63,46.63,-0.62,5,
6205,ÂØåÈÇ¶‰∏äË®º,"2,176,076","61,949,579",28.38,28.58,28.18,28.22,-0.13,301,
6206,?ÉÂ§ß‰∏äË?50,"602,582","17,703,772",29.15,29.6,29.15,29.24,0.09,359,
6207,FHÊª¨Ê∑±,"241,250","5,335,510",21.95,22.28,21.93,21.95,0.02,97,
6208,ÂØåÈÇ¶??0,"1,366,482","58,018,386",43.8,43.8,41.55,41.55,-1.48,867,
00625K,ÂØåÈÇ¶‰∏äË®º+R,"50,000","333,500",6.67,6.67,6.67,6.67,0.04,2,
00631L,?ÉÂ§ß?∞ÁÅ£50Ê≠?,"22,770,009","725,909,170",32.86,32.88,30.66,30.66,-2.22,"6,348",
00632R,?ÉÂ§ß?∞ÁÅ£50??,"307,003,192","3,890,066,718",12.54,12.9,12.49,12.9,0.41,"26,210",
00633L,ÂØåÈÇ¶‰∏äË®ºÊ≠?,"22,471,500","823,578,024",36.4,37.38,35.89,35.89,-0.29,"4,146",
00634R,ÂØåÈÇ¶‰∏äË®º??,"11,553,832","72,528,184",6.32,6.35,6.23,6.34,0.02,"1,106",
00635U,?ÉÂ§ßS&PÈªÉÈ?,"2,074,480","45,122,284",21.79,21.81,21.66,21.7,0.34,679,
636,?ãÊ≥∞‰∏≠Â?A50,"1,812,020","35,264,078",19.39,19.61,19.31,19.31,-0.08,522,
00636K,?ãÊ≥∞‰∏≠Â?A50+U,0,0,0,0,0,0,0,0,
00637L,?ÉÂ§ßÊª¨Ê∑±300Ê≠?,"117,360,971","1,650,312,234",14,14.32,13.72,13.72,-0.13,"12,552",
00638R,?ÉÂ§ßÊª¨Ê∑±300??,"6,524,000","83,028,110",12.7,12.85,12.6,12.85,0.06,881,
639,ÂØåÈÇ¶Ê∑?00,"2,842,731","30,718,102",10.65,10.88,10.65,10.71,0.07,290,
00640L,ÂØåÈÇ¶?•Êú¨Ê≠?,"3,151,000","39,372,470",12.34,12.93,12.24,12.28,0.14,723,
00641R,ÂØåÈÇ¶?•Êú¨??,"4,330,005","76,639,029",17.88,18.03,17.36,18.03,0.05,978,
00642U,?ÉÂ§ßS&P?≥Ê≤π,"77,488,385","800,805,843",10.22,10.45,10.22,10.25,-0.5,"13,667",
643,Áæ§Á?Ê∑±Ë®º‰∏≠Â?,"1,486,000","19,564,510",12.81,13.3,12.81,13.02,0.12,494,
00643K,Áæ§Á?Ê∑±Ë®º‰∏≠Â?+R,0,0,0,0,0,0,0,0,
645,ÂØåÈÇ¶?•Êú¨,"143,551","2,438,596",16.73,17.15,16.73,16.79,0.1,38,
646,?ÉÂ§ßS&P500,"3,052,106","68,939,394",22.9,22.91,22.38,22.38,-0.56,991,
00647L,?ÉÂ§ßS&P500Ê≠?,"4,152,000","94,073,210",22.75,23.4,22.35,22.41,-1.84,835,
00648R,?ÉÂ§ßS&P500??,"10,595,844","149,013,129",13.9,14.2,13.88,14.2,0.55,"1,375",
00650L,FHÈ¶ôÊ∏ØÊ≠?,"314,000","6,348,200",20.11,20.7,19.68,20.09,-0.12,89,
00651R,FHÈ¶ôÊ∏Ø??,"1,118,000","10,717,130",9.6,9.68,9.47,9.68,0.13,217,
652,ÂØåÈÇ¶?∞Â∫¶,"144,240","2,472,946",17.61,17.61,16.89,16.94,-0.68,66,
00653L,ÂØåÈÇ¶?∞Â∫¶Ê≠?,"1,661,000","26,245,990",16.42,16.42,15.2,15.2,-1.64,430,
00654R,ÂØåÈÇ¶?∞Â∫¶??,"1,077,000","18,607,390",17,17.72,16.91,17.65,0.76,245,
00655L,?ãÊ≥∞‰∏≠Â?A50Ê≠?,"9,188,000","243,042,750",26.45,26.98,25.9,25.9,-0.1,"2,103",
00656R,?ãÊ≥∞‰∏≠Â?A50??,"2,297,000","26,544,820",11.6,11.68,11.45,11.68,0.04,252,
657,?ãÊ≥∞?•Á?225,"101,000","2,134,830",21.14,21.14,20.83,20.83,-0.26,3,
00657K,?ãÊ≥∞?•Á?225+U,100,700,7,7,7,7,0.11,1,
660,?ÉÂ§ßÊ≠êÊ¥≤50,"72,000","1,287,470",17.89,18.1,17.75,17.81,-0.36,27,
661,?ÉÂ§ß?•Á?225,"5,000","108,700",21.83,21.89,21.5,21.5,-0.37,5,
662,ÂØåÈÇ¶NASDAQ,"287,441","8,117,878",28.4,28.66,27.87,27.87,-0.53,177,
00663L,?ãÊ≥∞?∫ÁÅ£?†Ê?Ê≠?,"1,078,111","30,450,753",28.6,29.02,27.2,27.2,-1.82,234,
00664R,?ãÊ≥∞?∫ÁÅ£?†Ê???,"9,186,005","132,651,621",14.29,14.69,14.24,14.69,0.44,"1,308",
00665L,ÂØåÈÇ¶?íÁ??ã‰?Ê≠?,"216,000","4,029,380",18.31,18.96,18.15,18.22,-0.28,95,
00666R,ÂØåÈÇ¶?íÁ??ã‰???,"96,000","1,454,230",14.91,15.19,14.91,15.15,0.24,10,
668,?ãÊ≥∞ÁæéÂ??ìÁ?,"1,585,100","35,786,960",22.63,22.81,22.28,22.28,-0.75,407,
00668K,?ãÊ≥∞ÁæéÂ??ìÁ?+U,100,748,7.48,7.48,7.48,7.48,-0.08,1,
00669R,?ãÊ≥∞ÁæéÂ??ìÁ???,"16,859,000","258,411,780",15.29,15.6,15.16,15.6,0.82,"2,103",
00670L,ÂØåÈÇ¶NASDAQÊ≠?,"4,569,000","125,750,710",27.7,28.39,26.6,26.6,-2.16,"1,446",
00671R,ÂØåÈÇ¶NASDAQ??,"10,084,100","127,292,220",12.66,12.89,12.51,12.89,0.58,715,
00672L,?ÉÂ§ßS&P?üÊ≤πÊ≠?,"364,271,500","909,166,432",2.7,2.7,2.36,2.4,-1.01,"37,879",
00673R,?ÉÂ§ßS&P?üÊ≤π??,"7,133,571","184,148,969",25.7,26.06,25.67,26.06,2.54,"1,420",
00674R,?ÉÂ§ßS&PÈªÉÈ???,"836,000","13,549,280",16.21,16.31,16.15,16.31,-0.28,215,
00675L,ÂØåÈÇ¶?∫ÁÅ£?†Ê?Ê≠?,"2,685,000","33,273,620",12.63,12.77,11.94,11.94,-0.76,595,
00676R,ÂØåÈÇ¶?∫ÁÅ£?†Ê???,"10,766,000","84,213,600",7.7,7.95,7.69,7.94,0.22,"1,554",
00677U,ÂØåÈÇ¶VIX,"869,273,587","9,221,523,951",10.32,11.3,10.28,11.3,1.88,"57,546",
678,Áæ§Á?NBI?üÊ?,"493,200","9,496,299",19.7,19.7,19,19.01,-0.43,194,
00680L,?ÉÂ§ßÁæéÂÇµ20Ê≠?,"660,100","19,611,936",29.39,29.86,29.39,29.7,-4.05,186,
00681R,?ÉÂ§ßÁæéÂÇµ20??,"426,000","5,796,800",13.58,13.64,13.56,13.63,0.82,113,
00682U,?ÉÂ§ßÁæéÂ??áÊï∏,"38,000","756,880",19.82,19.96,19.82,19.96,0.42,22,
00683L,?ÉÂ§ßÁæéÂ??áÊï∏Ê≠?,"62,000","1,259,880",20.38,20.5,20.23,20.35,0.5,18,
00684R,?ÉÂ§ßÁæéÂ??áÊï∏??,"16,000","287,600",17.88,18.03,17.87,18.03,X0.00,9,
00685L,Áæ§Á??∫ÁÅ£?†Ê?Ê≠?,"403,000","4,373,240",10.98,11.12,10.5,10.57,-0.61,112,
00686R,Áæ§Á??∫ÁÅ£?†Ê???,"2,298,000","19,675,030",8.5,8.7,8.42,8.69,0.25,265,
00688L,?ãÊ≥∞20Âπ¥Á??µÊ≠£2,"22,000","663,230",30.2,30.44,29.95,30.1,-4.25,11,
00689R,?ãÊ≥∞20Âπ¥Á??µÂ?1,"153,000","2,132,040",13.88,14.03,13.82,13.97,0.79,16,
690,?ÜË??çÁ?30,"293,150","5,504,916",19,19.05,18.45,18.45,-0.5,172,
00691R,?ÜË??çÁ?30??,"66,000","1,108,220",16.79,16.89,16.7,16.89,0.43,6,
692,ÂØåÈÇ¶?¨Âè∏Ê≤ªÁ?,"9,140,240","173,968,953",19.39,19.39,18.72,18.72,-0.7,"4,044",
00693U,Ë°óÂè£S&PÈªÉË?,"1,587,470","21,105,512",13.19,13.36,13.19,13.3,0.04,154,
700,ÂØåÈÇ¶?íÁ??ã‰?,"105,058","1,806,974",17.52,17.52,17.19,17.19,-0.33,7,
701,?ãÊ≥∞?°Âà©Á≤æÈÅ∏30,"4,367,311","78,307,902",18.24,18.24,17.7,17.71,-0.56,"2,090",
702,?ãÊ≥∞Ê®ôÊôÆ‰ΩéÊ≥¢È´òÊÅØ,"233,000","3,515,650",15.1,15.23,14.95,14.95,-0.23,19,
703,?∞Êñ∞MSCI‰∏≠Â?,"78,000","1,430,740",18.2,18.44,18.15,18.25,0.27,25,
00706L,?ÉÂ§ßS&P?•Â?Ê≠?,"11,000","193,660",17.69,17.69,17.58,17.6,-0.05,10,
00707R,?ÉÂ§ßS&P?•Â???,"2,000","39,030",19.56,19.56,19.47,19.47,0.02,2,
00708L,?ÉÂ§ßS&PÈªÉÈ?Ê≠?,"9,998,000","224,045,730",22.46,22.53,22.24,22.32,0.79,"1,707",
709,ÂØåÈÇ¶Ê≠êÊ¥≤,"163,000","2,349,310",14.24,14.53,14.24,14.31,-0.42,22,
00710B,FHÂΩ≠Â?È´òÊî∂?äÂÇµ,"401,330","6,944,992",17.5,17.5,17.16,17.17,-0.35,118,
00711B,"FHÂΩ≠Â??∞Ë???,504","000""","9,802,650",19.63,19.63,19.25,19.42,-0.68,10,
712,"FHÂØåÊ?‰∏çÂ???,950","300""","11,354,719",12.96,12.96,11.04,11.65,-1.31,600,
713,?ÉÂ§ß?∞ÁÅ£È´òÊÅØ‰ΩéÊ≥¢,"163,000","4,296,660",26.68,26.68,26,26,-0.62,143,
714,Áæ§Á??ìÁ?ÁæéÂ??∞Áî¢,"188,000","3,043,240",16.18,16.35,16.1,16.13,-0.26,39,
00715L,Ë°óÂè£Â∏ÉËò≠?πÊ≤πÊ≠?,"195,838,000","747,541,030",4.01,4.01,3.65,3.65,-1.35,"13,399",
717,"ÂØåÈÇ¶ÁæéÂ??πÂà•??,3",873,"491""","59,753,095",15.76,15.76,15.23,15.42,-0.35,895
728,Á¨¨‰??ëÂ∑•Ê•?0,"1,128,999","18,056,863",16.38,16.44,15.65,15.65,-0.45,192,
730,ÂØåÈÇ¶?∫ÁÅ£?™Ë≥™È´òÊÅØ,"1,112,553","16,036,820",14.6,14.6,14.14,14.18,-0.41,468,
731,FHÂØåÊ?È´òÊÅØ‰ΩéÊ≥¢,"108,000","4,219,420",39.7,39.7,38.69,38.84,-0.83,48,
732,?ãÊ≥∞RMB?≠Ê??±ÈÖ¨,"100,000","3,844,000",38.44,38.44,38.44,38.44,0,2,
733,ÂØåÈÇ¶?∫ÁÅ£‰∏≠Â?,"226,442","3,598,290",16.07,16.22,15.7,15.77,-0.22,22,
735,?ãÊ≥∞?∫È?ÁßëÊ?,"172,000","2,920,460",17.06,17.09,16.92,16.92,-0.33,19,
736,?ãÊ≥∞?∞Ë?Â∏ÇÂ†¥,"130,000","1,968,220",15.1,15.15,15.08,15.12,0.51,16,
737,?ãÊ≥∞AI+Robo,"1,087,521","17,830,617",16.8,16.85,16.1,16.1,-0.6,428,
00738U,?ÉÂ§ß?ìÁ??ΩÈ?,"2,968,000","42,087,300",14.31,14.31,13.97,14.23,-0.06,448,
739,"?ÉÂ§ßMSCI A??,763","000""","15,265,450",19.75,20.11,19.75,19.97,0.26,133,
742,?∞Â??ßÈ??∂Á?,"10,000","179,750",18.09,18.09,17.82,17.82,-0.37,6,
743,?ãÊ≥∞‰∏≠Â?A150,"35,038","702,259",20.31,20.31,19.8,19.8,-0.36,14,
752,‰∏≠‰ø°‰∏≠Â?50,"1,729,253","36,765,874",21.3,21.41,21.09,21.12,0.22,901,
00753L,‰∏≠‰ø°‰∏≠Â?50Ê≠?,"489,000","9,578,780",19.4,20,19.16,19.3,-0.06,116,
757,Áµ±‰?FANG+,"412,000","8,042,890",19.68,19.75,19.1,19.15,-0.83,87,
762,?ÉÂ§ß?®Á?AI,"457,250","8,898,295",19.7,19.7,19.35,19.35,-0.27,254,
00763U,"Ë°óÂè£?ìÁ???,43","000""","695,380",16.24,16.24,16.07,16.07,-0.29,12,
00766L,?∞Êñ∞MSCI‰∏≠Â?Ê≠?,"404,000","3,113,240",7.8,7.83,7.6,7.6,-0.07,74,
767,"FHÁæéÂ??ëË???,1","000""","16,600",16.6,16.6,16.6,16.6,X0.00,1,
770,?ãÊ≥∞?óÁ?ÁßëÊ?,"105,000","2,086,320",19.8,20.08,19.55,19.55,-0.76,16,
771,"?ÉÂ§ßUSÈ´òÊÅØ?πÂà•??,212","815""","3,334,828",15.75,15.9,15.5,15.56,-0.21,94,
00774B,?∞Â?‰∏≠Â??øÈ?Á∂†ÂÇµ,"2,000","81,540",40.77,40.77,40.77,40.77,-0.17,2,
00774C,?∞Â?‰∏≠Êîø?ëÁ???R,0,0,0,0,0,0,0,0,
00775B,?∞Â??ïÁ???5+,"2,000","79,200",39.6,39.6,39.6,39.6,-1.8,2,
776,"?∞Â?ICEÁæéÂ?Ê¨äÂÄ?,2","000""","34,700",17.35,17.35,17.35,17.35,-0.2,2,
783,ÂØåÈÇ¶‰∏≠Ë®º500,"1,335,641","24,022,744",17.67,18.03,17.67,17.8,0.13,67,
8201,BP‰∏äË?50,0,0,0,0,0,0,0,0,
830,"?ãÊ≥∞Ë≤ªÂ??äÂ?È´?,1",358,"692""","17,916,918",13.4,13.4,12.96,13,-0.22,437
850,?ÉÂ§ß?∫ÁÅ£ESGÊ∞∏Á?,"8,484,709","157,578,884",18.82,18.85,18.29,18.29,-0.53,"4,133",
851,?∞Êñ∞?®Á?AI,"32,000","570,450",17.78,18.01,17.67,17.67,-0.06,20,
00852L,?ãÊ≥∞ÁæéÂ??ìÁ?Ê≠?,"36,008,250","292,061,567",8.13,8.38,7.9,7.91,-0.94,"4,432",
861,?ÉÂ§ß?®Á??™‰??öË?,"9,478,779","163,572,705",17.4,17.55,16.98,16.98,-0.42,"2,709",
00865B,?ãÊ≥∞US?≠Ê??¨ÂÇµ,"99,000","3,899,070",39.43,39.43,39.35,39.35,-0.15,21,
866,?∞Â?Shiller CAPE,"34,000","514,230",15.2,15.2,14.98,15,-0.2,6,
01001T,?üÈ?ÂØåÈÇ¶R1,"404,000","6,566,650",16.3,16.3,16.23,16.3,-0.01,30,
01002T,?üÈ??ãÊ≥∞R1,"795,000","13,684,380",17.2,17.3,17.19,17.3,0.1,220,
01003T,?ÜË??∞Â?R1,"41,000","760,630",18.5,18.7,18.5,18.58,-0.22,16,
01004T,?üÈ?ÂØåÈÇ¶R2,"103,000","1,477,280",14.23,14.38,14.23,14.36,-0.02,16,
01007T,?ÜË??ãÊ≥∞R2,"360,000","6,211,190",17.3,17.3,17.22,17.29,-0.04,25,
01009T,?ãÈ??ìÊªøR1,"49,000","457,630",9.47,9.47,9.31,9.47,-0.03,4,
01010T,‰∫¨Â?Ê®ÇÂ?R1,"79,000","784,970",9.9,10,9.9,10,0,21,
20000,ÂØåÈÇ¶?πÈÅ∏?ãÊ?N,"270,000","1,162,220",4.35,4.35,4.25,4.25,-0.1,34,
20002,?ÉÂ??∞‰∏≠?ãN,0,0,0,0,0,0,0,0,
20004,?ÜË??ªË???0N,"4,000","75,480",18.87,18.87,18.87,18.87,0.19,1,
20005,Ê∞∏Ë?Â§ñË?50N,0,0,0,0,0,0,0,0,
20006,Ê∞∏Ê?‰∏≠Â?300N,0,0,0,0,0,0,0,0,
20007,?±Âü∫?∫ÁÅ£500N,0,0,0,0,0,0,0,0,
20008,?ÉÂ§ß?πËÇ°È´òÊÅØN,"52,000","509,380",9.8,9.82,9.77,9.79,-0.03,19,
20011,Áµ±‰?ÂæÆÊ≥¢È´òÊÅØ20N,"16,000","65,760",4.11,4.11,4.11,4.11,-0.11,4,
20012,ÂØåÈÇ¶Ë°åÂ??öË?N,"1,816,000","7,159,580",3.98,3.98,3.84,3.84,-0.07,172,
1101,?∞Ê≥•,"36,467,777","1,343,606,922",37.3,37.5,36,36,-1.6,"15,058",
1101B,?∞Ê≥•‰πôÁâπ,"86,195","4,604,393",53.4,53.8,53.1,53.8,0.2,52,
1102,‰∫ûÊ≥•,"10,728,627","408,137,154",38.2,38.75,37.5,37.5,-0.75,"5,016",
1103,?âÊ≥•,"1,748,006","26,519,790",15.5,15.5,14.85,14.9,-0.35,"1,004",
1104,?∞Ê≥•,"551,863","8,360,926",15.4,15.4,15,15.05,-0.3,345,
1108,Âπ∏Á?,"207,000","1,220,120",5.91,6,5.66,5.94,0.12,110,
1109,‰ø°Â§ß,"298,100","4,359,709",14.5,14.8,14.35,14.5,0,166,
1110,?±Ê≥•,"103,000","1,540,900",15.45,15.45,14.5,14.5,-0.95,84,
1201,?≥ÂÖ®,"2,010,607","34,563,135",17.35,17.55,17,17.05,-0.1,836,
1203,?≥Á?,"112,011","2,827,847",25.15,25.4,25,25.3,-0.05,93,
1210,Â§ßÊ?,"2,788,796","97,820,786",35.85,35.85,34.7,34.7,-0.55,"1,617",
1213,Â§ßÈ£≤,"77,100","391,088",5.56,5.56,5.01,5.08,-0.48,19,
1215,?úË?,"1,061,980","54,660,056",51.9,52.1,51,51,-0.4,799,
1216,Áµ±‰?,"18,256,131","1,156,887,853",64.5,64.5,61.9,61.9,-3,"8,307",
1217,"?õ‰???,2",184,"535""","13,132,909",5.92,6.1,5.92,6,0.09,813
1218,Ê≥∞Â±±,"1,311,243","25,257,983",19.8,19.9,18.8,18.9,-0.8,761,
1219,Á¶èÂ£Ω,"174,750","3,087,036",17.1,18.7,16.8,18.35,1.25,129,
1220,?∞Ê¶Æ,"126,000","1,184,020",9.5,9.6,9.33,9.33,-0.05,77,
1225,"Á¶èÊ?Ê≤?,90","017""","2,615,045",29,29.3,28.8,29.2,-0.7,82,
1227,‰Ω≥Ê†º,"2,754,013","147,727,894",53.1,54.7,52.6,54.2,1.7,"2,160",
1229,?ØËèØ,"3,955,634","126,358,933",31.9,32.35,31.75,31.8,-0.05,"2,589",
1231,"?ØËèØÈ£?,369","641""","12,625,812",34.2,34.3,34.05,34.05,-0.05,279,
1232,"Â§ßÁµ±??,197","081""","20,009,762",102,102.5,100.5,101,0.5,265,
1233,Â§©‰?,"133,500","4,401,450",32.9,33.3,32.6,33.05,-0.3,94,
1234,ÈªëÊùæ,"219,307","6,338,987",29.05,29.5,28.75,29.45,0.05,120,
1235,?àÊ≥∞,"50,286","1,170,119",23.35,23.8,22.9,23.7,-0.05,46,
1236,ÂÆè‰?,"44,256","465,907",10.65,10.7,10.2,10.3,-0.25,42,
1256,ÈÆÆÊ¥ª?úÊ?-KY,"171,836","30,406,800",180,181,171,177,-2.5,255,
1301,?∞Â?,"24,594,228","1,764,474,498",74.4,74.4,70,70,-4.6,"13,287",
1303,?ó‰?,"18,968,989","1,020,676,117",56.5,56.5,51.6,52.4,-3.6,"8,615",
1304,?∞Ë?,"1,964,664","18,926,243",9.66,9.75,9.5,9.5,-0.14,879,
1305,?ØÂ?,"5,992,130","79,101,440",14.1,14.2,12.9,12.9,-1.2,"3,896",
1307,‰∏âËä≥,"325,443","5,585,361",17.6,17.6,16.65,16.85,-0.75,199,
1308,‰∫ûË?,"1,625,727","21,676,491",13.55,13.65,13.05,13.1,-0.25,"1,110",
1309,"?∞È???,809","635""","6,240,585",7.66,7.8,7.63,7.66,0.01,381,
1310,?∞ËãØ,"3,498,664","46,763,514",13.7,13.75,13,13.45,-0.25,"1,748",
1312,?ãÂñ¨,"5,084,496","61,762,873",12.4,12.5,11.8,11.8,-0.55,"2,225",
1312A,"?ãÂñ¨??,45","000""","1,356,300",30.4,30.5,30,30.25,-0.75,29,
1313,?ØÊ?,"1,944,225","15,632,840",8.03,8.1,8,8,-0.02,654,
1314,"‰∏≠Áü≥??,24",637,"860""","170,957,990",6.84,7.08,6.8,6.82,-0.01,"6,643"
1315,?îÊñ∞,"1,437,536","63,227,739",44.5,44.65,43.55,43.95,-1.25,926,
1316,‰∏äÊ?,"1,147,850","9,599,135",8.2,8.49,8.2,8.38,0.18,454,
1319,?±ÈôΩ,"1,809,027","53,436,814",30,30.2,29.05,29.05,-0.65,"1,452",
1321,Â§ßÊ?,"362,000","8,380,700",23.1,23.8,22.85,22.9,-0.2,202,
1323,Ê∞∏Ë?,"330,555","9,598,771",29.85,29.85,28.35,28.35,-1.6,207,
1324,?∞Á?,"47,000","355,210",8.09,8.09,7.42,7.51,0.03,31,
1325,?ÜÂ§ß,"13,317,989","506,953,832",38.45,39.4,36.5,38,0.6,"7,272",
1326,?∞Â?,"20,728,266","1,312,997,770",65.9,65.9,61.4,61.7,-4.5,"10,629",
1337,?çÁ?-KY,"662,119","2,454,552",3.68,3.78,3.64,3.65,0.02,305,
1338,Âª?èØ-KY,"334,127","12,556,340",38.1,38.85,35,35,-3.1,280,
1339,?≠Ë?,"255,000","8,523,500",34.25,34.25,32.7,32.7,-0.7,215,
1340,?ùÊ?-KY,"536,577","4,602,518",8.8,8.98,8.05,8.45,-0.35,299,
1341,ÂØåÊ?-KY,"8,020","465,665",57,59.1,56.7,59.1,0,21,
1402,"?†Êù±??,11",750,"252""","264,417,935",22.7,22.8,22.1,22.15,-0.5,"4,268"
1409,?∞Á?,"3,471,517","33,607,977",9.63,9.8,9.62,9.68,0.08,"1,265",
1410,?óÊ?,"41,563","1,146,212",27.65,27.85,27.5,27.6,0.05,23,
1413,ÂÆèÊ¥≤,"99,049","656,037",6.5,6.7,6.5,6.7,0.15,37,
1414,?±Â?,"154,031","848,724",5.5,5.55,5.43,5.46,-0.04,80,
1416,Âª??,"230,791","2,324,459",10.1,10.2,10,10.1,-0.05,166,
1417,?âË?,"380,090","2,843,976",7.63,7.71,7.37,7.55,-0.08,184,
1418,?±ËèØ,"1,039","7,205",6.96,6.96,6.96,6.96,X0.00,10,
1419,?∞Á¥°,"47,001","1,743,737",37.1,37.45,36.2,37,-0.4,47,
1423,?©ËèØ,"71,800","642,550",8.94,9.08,8.72,9.04,0.39,43,
1432,"Â§ßÈ≠Ø??,318","000""","1,233,800",3.71,4,3.71,3.89,-0.17,112,
1434,Á¶èÊ?,"3,846,836","111,187,322",29,29.35,28.6,28.6,-0.55,"2,791",
1435,‰∏≠Á?,"431,009","2,979,227",6.78,7.02,6.78,6.9,0.19,174,
1436,"?ØÂ???,148","697""","5,096,272",34.9,35.5,33.85,34.65,-0.25,124,
1437,"?§Á???,421","250""","7,609,200",18.2,18.45,17.85,17.85,-0.4,190,
1438,Ë£ïË?,"21,792","233,163",10.7,10.8,10.6,10.8,X0.00,14,
1439,‰∏≠Â?,"392,000","11,515,950",29.8,30.5,28.6,28.6,-1.1,206,
1440,?óÁ¥°,"1,634,251","13,110,823",8.1,8.11,8,8,-0.08,641,
1441,Â§ßÊù±,"182,054","1,119,921",6,6.38,6,6.01,-0.37,122,
1442,?çË?,"341,466","5,161,208",15.2,15.4,14.85,15.1,-0.1,198,
1443,Á´ãÁ?,"90,893","796,926",8.6,8.95,8.5,8.9,-0.05,30,
1444,?õÈ?,"1,955,488","12,922,608",6.6,6.69,6.55,6.55,-0.11,667,
1445,Â§ßÂ?,"247,356","1,524,358",6.05,6.21,6.05,6.17,-0.04,61,
1446,ÂÆèÂ?,"371,045","7,787,858",21,21.45,20,21.1,-0.2,195,
1447,?õÈµ¨,"1,104,212","5,517,460",4.96,5.02,4.96,4.99,-0.01,364,
1449,‰Ω≥Â?,"1,032,278","10,294,873",10,10.3,9.93,9.99,0.03,249,
1451,Âπ¥Ë?,"473,017","7,651,222",16.7,16.7,15.9,15.9,-0.8,328,
1452,ÂÆèÁ?,"611,159","10,136,800",16.85,16.85,16.3,16.3,-0.55,330,
1453,Â§ßÂ?,"43,009","285,431",6.81,6.82,6.55,6.55,-0.27,37,
1454,?∞Â?,"154,000","1,048,230",6.77,6.89,6.7,6.7,0,75,
1455,?ÜÁ?,"1,547,503","7,723,374",5.02,5.1,4.93,4.93,-0.06,517,
1456,?°ËèØ,"32,000","204,090",6.6,6.6,6.25,6.25,0.05,21,
1457,"ÂÆúÈÄ?,622","000""","6,325,650",10.1,10.3,10.1,10.1,0,254,
1459,?ØÁôº,"186,339","1,066,033",5.71,5.86,5.58,5.86,-0.12,79,
1460,ÂÆèÈ?,"806,898","4,464,790",5.52,5.68,5.42,5.47,-0.03,417,
1463,Âº∑Á?,"360,000","3,683,700",10.25,10.3,10.2,10.2,-0.05,173,
1464,ÂæóÂ?,"1,117,150","19,957,395",17.6,18.1,17.6,17.7,-0.35,556,
1465,?âÂÖ®,"438,000","6,305,100",14.45,14.65,14.15,14.35,0.1,150,
1466,?öÈ?,"54,002","324,412",5.78,6.19,5.78,6.03,-0.01,40,
1467,?óÁ∑Ø,"648,060","4,393,719",6.64,7.13,6.54,6.69,-0.11,138,
1468,?∂Â?,"26,000","226,750",8.68,9.08,8.03,9.08,0.24,25,
1470,Â§ßÁµ±?∞Ââµ,"14,003","258,361",17.3,19.65,17.25,17.55,-1.45,16,
1471,È¶ñÂà©,"158,736","259,396",1.6,1.66,1.51,1.62,0.06,46,
1472,"‰∏âÊ?Á¥?,32","070""","453,788",14.15,14.15,14.15,14.15,-1.55,25,
1473,?∞Â?,"348,836","8,179,401",24.5,24.5,23.1,23.45,-0.35,236,
1474,ÂºòË?,"436,058","3,673,091",8.33,8.58,8.25,8.25,-0.58,229,
1475,?¨Á?,"10,404","66,520",6.41,6.42,6.41,6.42,-0.1,10,
1476,?íÈ¥ª,"1,989,237","496,829,192",263,263,241.5,241.5,-21.5,"1,837",
1477,?öÈôΩ,"4,170,701","477,658,051",118,120,112,112,-6,"3,250",
1503,Â£´Èõª,"259,456","10,319,123",39.85,40.5,39.15,40,0.15,180,
1504,?±Â?,"8,387,555","208,360,320",24.7,25.05,24.65,25,0.2,"2,676",
1506,Ê≠??,"142,128","1,423,059",10.25,10.25,9.91,10.1,-0.2,58,
1507,Ê∞∏Â§ß,"220,109","12,568,744",57.5,57.8,56.5,57.1,-0.4,194,
1512,?ûÂà©,"112,495","336,262",3,3,2.85,2.85,-0.15,63,
1513,"‰∏≠Ë???,2",196,"831""","48,065,424",21.75,22.1,21.65,21.85,0.15,"1,046"
1514,‰∫ûÂ?,"1,469,525","22,119,630",15.2,15.35,14.8,14.85,-0.25,573,
1515,?õÂ±±,"1,283,394","58,234,180",45.65,46.3,44.5,44.9,0.3,947,
1516,Â∑ùÈ?,"118,475","1,653,237",13.95,14.1,13.85,14,-0.1,39,
1517,?©Â?,"468,091","3,022,470",6.6,6.64,6.12,6.39,-0.25,220,
1519,?ØÂ?,"1,041,994","23,559,411",23.05,23.3,22.05,22.15,-0.5,548,
1521,Â§ßÂ?,"196,062","10,251,386",53.3,53.3,52,52.1,-1.2,133,
1522,"?§Á∂≠Ë•?,773","269""","14,027,795",18.45,18.6,18,18,-0.25,490,
1524,?øÈ?,"667,004","5,747,642",8.5,8.78,8.37,8.59,0.52,315,
1525,Ê±üÁî≥,"79,000","3,190,500",41,41,40,41,0,73,
1526,?•È¶≥,"480,955","7,169,770",14.95,15.2,14.55,14.6,0.1,308,
1527,?ΩÂÖ®,"1,073,294","39,996,178",37.6,38,36.5,36.5,-1.1,802,
1528,?©Âæ∑,"413,641","2,375,536",5.7,5.89,5.67,5.72,0.02,310,
1529,Ê®ÇÂ£´,"189,882","2,162,061",12.65,12.65,10.9,10.9,-1.2,99,
1530,‰∫ûÂ¥¥,"46,240","1,226,012",26.45,26.6,26.2,26.45,-0.25,40,
1531,"È´òÊ???,679","869""","6,634,414",10.2,10.2,9.5,9.65,-0.6,359,
1532,?§Á?,"535,915","12,440,753",23,23.85,22.9,23,-0.45,316,
1533,"ËªäÁ???,161","200""","3,859,700",23.65,25,23.55,23.65,0.05,125,
1535,‰∏≠Â?,"140,365","3,903,687",28.2,28.25,27.6,27.7,-0.8,96,
1536,?åÂ§ß,"1,569,958","138,471,655",88.3,89.7,87.6,88.9,0.8,"1,078",
1537,Âª??,"338,900","43,743,000",129.5,131,128,128,0,325,
1538,"Ê≠?≥∞??,115","015""","335,276",2.91,3,2.91,2.91,-0.32,39,
1539,Â∑®Â∫≠,"116,642","1,478,508",12.9,13,12.3,12.4,-0.3,77,
1540,?¨Á?,"384,449","5,764,934",15.1,15.2,14.6,14.7,-0.45,175,
1541,?©Ê≥∞,"331,089","8,776,838",28.4,28.45,25.75,25.75,-2.85,227,
1558,‰º∏Ë?,"378,422","44,108,083",118,118.5,115.5,115.5,-2.5,298,
1560,‰∏≠Á?,"432,360","22,025,160",51,51.5,50.2,51,0,342,
1568,?â‰?,"168,900","2,203,731",13.15,13.3,12.7,12.95,0,98,
1582,‰ø°Èå¶,"856,706","57,451,337",68,68.4,66.2,66.2,-1.8,789,
1583,Á®ãÊ≥∞,"35,000","1,867,800",53,56.9,52.2,53,0,31,
1587,?âË?,"154,445","1,504,255",10.5,10.5,9.5,9.5,-1.05,99,
1589,Ê∞∏Â?-KY,"395,000","19,959,700",51.7,51.7,50.2,50.2,0,238,
1590,‰∫ûÂæ∑ÂÆ?KY,"2,875,736","1,074,126,715",376,384.5,362,365,-5,"2,595",
1592,?±Á?-KY,"1,424,152","15,856,697",10.95,11.6,10.7,11.6,0,508,
1598,Â≤±Â?,"1,014,989","36,584,150",35.65,36.6,35.25,36.6,0,308,
1603,?ØÈõª,"226,012","6,314,529",27.2,28.5,26.9,27.6,0.3,124,
1604,?≤ÂØ∂,"1,998,167","34,498,407",17.2,17.65,16.95,17.3,0.85,965,
1605,?ØÊñ∞,"20,822,385","238,915,798",11,11.8,11,11.6,0.7,"6,333",
1608,?ØÊ¶Æ,"915,213","6,315,211",6.75,7.06,6.68,6.87,0.12,368,
1609,Â§ß‰?,"3,096,331","24,096,854",7.85,7.89,7.66,7.69,0.03,"1,061",
1611,‰∏≠Èõª,"1,137,250","13,329,054",11.55,11.95,11.45,11.7,0.1,625,
1612,ÂÆèÊ≥∞,"444,205","3,876,407",8.8,8.8,8.65,8.65,-0.15,197,
1614,"‰∏âÊ???,121","002""","3,077,000",25.65,26.2,25.2,25.25,-0.5,92,
1615,Â§ßÂ±±,"194,661","3,435,217",17.45,17.95,17.45,17.5,0.05,100,
1616,?ÑÊ≥∞,"52,083","197,857",3.72,3.9,3.72,3.72,-0.18,38,
1617,Ê¶ÆÊ?,"13,029","128,575",9.89,9.89,9.8,9.88,0.23,15,
1618,?àÊ?,"251,345","1,642,844",6.52,6.64,6.45,6.45,-0.12,115,
1626,?æÁ???KY,"254,913","5,190,933",19.8,20.75,19.8,20.1,-0.5,160,
1701,‰∏≠Â?,"1,839,354","31,903,722",17.5,17.7,17.05,17.05,-0.35,925,
1702,?óÂ?,"458,936","17,829,543",39,39.15,38.65,38.7,-0.3,389,
1707,"?°Ë???,1",270,"221""","264,774,953",210,213,203.5,203.5,-3.5,"1,118"
1708,?±Èπº,"359,624","7,581,829",21.4,21.4,20.9,21,-0.4,261,
1709,?åÁ?,"1,463,165","16,646,226",11.65,11.65,11.1,11.1,-0.25,528,
1710,?±ËÅØ,"3,258,219","49,671,025",15.55,15.75,14.75,14.8,-1,"1,654",
1711,Ê∞∏Â?,"1,853,656","22,657,102",12.7,12.75,11.85,11.9,-0.7,734,
1712,?àËæ≤,"1,219,363","20,599,853",16.9,17,16.85,16.85,0,600,
1713,?ãÂ?,"148,533","2,360,710",15.65,16.2,15.55,16,0.25,162,
1714,?åÊ?,"6,704,838","38,441,890",5.88,5.88,5.62,5.62,-0.15,"1,561",
1717,?∑Ë?,"1,882,452","41,945,948",22.4,22.55,21.8,22.4,0,829,
1718,‰∏≠Á?,"5,937,580","31,199,333",5.23,5.33,5.2,5.2,-0.01,"1,871",
1720,?üÈ?,"431,134","13,016,872",30,30.7,30,30.1,0.05,294,
1721,‰∏âÊ?,"456,836","4,003,679",8.78,8.88,8.72,8.76,-0.02,179,
1722,?∞ËÇ•,"5,810,362","241,938,802",40.95,42.25,40.95,42,0.9,"2,407",
1723,‰∏≠Á¢≥,"1,009,326","96,210,657",97,97.2,94.1,94.5,-2.5,958,
1724,?∞Á?,"74,425","790,865",10.9,10.9,10.3,10.3,-0.45,56,
1725,?ÉÁ?,"42,151","541,035",12.8,13.05,12.7,12.85,-0.05,40,
1726,Ê∞∏Ë?,"94,325","5,955,908",64,64,62,62.8,-1.2,87,
1727,"‰∏≠ËèØ??,163","941""","1,416,710",8.97,8.97,8.21,8.3,-0.6,94,
1730,"?±‰?Â≠?,596","308""","32,325,736",54,55,53,53.1,-0.9,483,
1731,"ÁæéÂêæ??,714","014""","8,548,011",11.9,12.1,11.85,11.9,0.1,341,
1732,ÊØõÂØ∂,"5,184,533","137,317,558",26.75,26.95,25.3,26.95,2.45,"2,508",
1733,‰∫îÈ?,"568,645","11,157,242",20,20,19.15,19.2,-0.7,437,
1734,?èË?,"932,988","14,966,471",16.5,16.6,15.6,15.6,-0.65,644,
1735,"?•Â???,66","000""","1,074,550",16.1,16.4,16,16,-0.25,27,
1736,?¨Â±±,"1,309,284","61,639,464",47.5,48.2,45.7,45.7,-1.45,934,
1737,?∫ÈπΩ,"402,725","11,502,650",28.6,28.75,28.4,28.4,-0.2,275,
1760,ÂØ∂ÈΩ°ÂØåÈå¶,"901,154","52,234,889",61,61,55.1,55.3,-4.1,788,
1762,"‰∏≠Â???,1",910,"910""","57,915,265",31.2,31.3,29.1,29.1,-1.55,"1,298"
1773,?ù‰?,"300,158","25,445,345",86.3,86.3,84,84,-0.8,260,
1776,Â±ïÂ?,"109,000","1,861,450",17,17.25,16.6,17,-0.1,39,
1783,"?åÂ∫∑??,324","000""","4,918,950",15.6,15.6,14.2,14.2,-1.3,175,
1786,ÁßëÂ?,"466,111","19,243,962",41.15,42.2,40.75,42,1,345,
1789,Á•ûÈ?,"6,868,509","177,666,601",27,27,24.9,25.6,-0.25,"3,501",
1795,ÁæéÊ?,"6,731,760","364,521,280",58.9,58.9,53,53,-5.8,"4,646",
1802,?∞Áéª,"4,152,999","30,142,392",7.41,7.5,7.05,7.06,-0.35,"1,774",
1805,ÂØ∂Â?,"18,500","150,160",8.4,8.4,7.6,8.3,-0.12,15,
1806,?†Ë?,"405,258","1,807,030",4.5,4.57,4.35,4.45,-0.05,166,
1808,ÊΩ§È?,"646,560","29,195,799",46.3,46.5,44.55,44.55,-1.75,397,
1809,‰∏≠È?,"810,180","5,757,325",7.17,7.21,7.01,7.01,-0.14,374,
1810,?åÊ?,"442,150","2,656,548",6.08,6.09,5.93,5.96,-0.12,205,
1817,"?±Ê?Ë°?,211","968""","5,646,836",27.3,27.35,26.1,26.1,-1.05,159,
1902,?∞Á?,"1,151,782","23,107,672",20.1,20.15,20.05,20.05,-0.05,383,
1903,Â£´Á?,"84,087","2,180,964",26.45,27,25.45,27,0.55,78,
1904,Ê≠??,"7,072,938","141,175,176",20.45,20.65,19.45,19.45,-0.9,"3,638",
1905,?ØÁ?,"1,820,535","12,244,598",6.75,6.79,6.6,6.65,-0.11,628,
1906,ÂØ∂È?,"459,500","5,091,350",11.3,11.4,10.7,10.75,-0.55,254,
1907,"Ê∞∏Ë?È§?,4",937,"085""","53,572,658",11.05,11.25,10.7,10.8,-0.1,"1,818"
1909,Ê¶ÆÊ?,"15,842,821","195,447,302",12.75,13,11.8,11.85,-0.9,"6,032",
2002,‰∏≠Èãº,"35,354,413","686,222,119",19.5,19.65,19.25,19.3,-0.2,"13,030",
2002A,"‰∏≠Èãº??,101","115""","5,028,624",50,50,49.55,49.6,-0.4,70,
2006,?±Â??ºÈêµ,"2,439,557","52,839,759",21.95,21.95,21.3,21.3,-0.6,"1,290",
2007,?ÅË?,"197,037","687,734",3.49,3.65,3.41,3.5,0.06,97,
2008,"È´òË???,150","032""","1,829,237",12.2,12.25,12.15,12.15,0,57,
2009,"Á¨¨‰???,359","000""","2,151,990",6,6.15,5.9,5.94,-0.04,154,
2010,?•Ê?,"607,409","5,387,877",9,9.05,8.66,8.83,-0.02,303,
2012,?•Èõ®,"87,406","1,490,931",16.7,17.4,16.65,17.3,0.05,63,
2013,"‰∏≠ÈãºÊß?,473","408""","8,831,207",18.85,18.95,18.35,18.35,-0.55,281,
2014,‰∏≠È¥ª,"6,260,739","38,717,961",6.3,6.31,6,6,-0.21,"2,077",
2015,Ë±êË?,"1,244,206","59,284,841",48.55,48.55,47.2,47.5,-1.05,692,
2017,"ÂÆòÁî∞??,1",721,"402""","10,648,215",6,6.28,6,6.07,0.07,299
2020,Áæé‰?,"397,160","5,763,753",14.5,14.65,14.35,14.45,0.05,168,
2022,?ö‰∫®,"840,328","3,062,863",3.63,3.7,3.6,3.62,-0.04,293,
2023,?ÅË?,"3,536,165","28,532,340",8.01,8.18,7.99,8.04,0,"1,224",
2024,ÂøóËÅØ,"339,043","4,198,880",12.15,12.55,12.15,12.3,0,95,
2025,?ÉË?,"258,500","379,123",1.49,1.5,1.35,1.4,-0.06,45,
2027,"Â§ßÊ???,6",36,"008""","164,799,848",27.45,27.7,26.85,26.85,-0.6,"2,665"
2028,Â®ÅËá¥,"303,887","2,789,229",9.15,9.27,8.76,9.23,0.03,73,
2029,?õÈ?,"317,249","5,024,508",15.8,16,15.6,15.6,-0.7,178,
2030,ÂΩ∞Ê?,"399,662","3,775,524",9.45,9.53,9.39,9.48,0.05,241,
2031,"?∞Â???,3",476,"868""","69,542,278",20.9,21.1,18.9,19,-1.9,"1,607"
2032,?∞Èãº,"161,604","1,161,234",7.2,7.34,7.09,7.14,-0.23,59,
2033,‰Ω≥Â§ß,"103,000","780,880",7.62,7.69,7.54,7.54,-0.09,34,
2034,?ÅÂº∑,"968,860","22,126,771",23,23.1,22.6,22.6,-0.35,499,
2038,Êµ∑Â?,"318,000","1,645,870",5.01,5.28,5.01,5.13,-0.06,123,
2049,‰∏äÈ?,"4,195,409","859,169,800",212,212.5,199,199,-8,"3,404",
2059,Â∑ùÊ?,"396,045","120,176,815",304,310,295.5,306,11,344,
2062,Ê©ãÊ§ø,"408,500","6,309,425",15.9,15.95,14.5,15.05,-0.65,206,
2069,?ãÈå©,"354,950","4,288,361",12.35,12.7,11.3,11.5,-1.05,229,
2101,?óÊ∏Ø,"5,297,099","214,550,669",39.6,41.5,39.55,40.65,1.1,"2,114",
2102,Ê≥∞Ë?,"2,702,805","25,371,851",9.27,9.84,9.2,9.78,0.56,810,
2103,?∞Ê©°,"1,919,776","29,911,428",15.85,16.05,15.05,15.05,-0.8,"1,181",
2104,?ãÈ?‰∏≠Ê©°,"3,670,590","78,404,189",21.6,21.7,21.15,21.15,-0.05,"1,981",
2105,Ê≠?ñ∞,"14,962,742","493,823,736",33,33.2,32.85,33,0,"4,318",
2106,Âª∫Â§ß,"1,125,259","30,555,514",27.1,27.35,27.05,27.25,0,570,
2107,?öÁ?,"1,772,916","25,102,641",14.45,14.5,13.9,14.1,-0.35,894,
2108,?óÂ?,"628,664","15,485,859",24.6,25.1,24.35,24.55,0.15,428,
2109,?ØË?,"549,886","6,024,407",11.2,11.2,10.8,10.9,-0.1,160,
2114,"?´Ê∞∏??,202","007""","14,186,590",72.9,74.5,68.8,68.8,-1.7,169,
2115,?≠Ê?-KY,"55,598","1,905,471",34.6,34.6,34.1,34.15,-0.45,45,
2201,Ë£ïÈ?,"3,648,029","59,937,204",16.7,16.8,16.05,16.1,-0.3,"1,621",
2204,‰∏≠ËèØ,"913,252","25,186,722",28.1,28.3,27.25,27.3,-0.7,531,
2206,‰∏âÈôΩÂ∑•Ê•≠,"2,365,056","47,098,547",19.95,20.05,19.7,19.95,-0.05,667,
2207,"?åÊ≥∞Ëª?,1",416,"742""","556,158,508",403.5,415,372.5,372.5,-30,"1,371"
2208,?∞Ëàπ,"1,226,283","21,053,661",17.45,17.45,17,17,0,643,
2227,"Ë£ïÊó•Ëª?,126","201""","26,613,215",214.5,214.5,209,209.5,-5,116,
2228,?çÈ?,"500,060","33,992,740",68.4,69.5,66.5,66.5,-1.7,431,
2231,?∫Â?,"3,313,482","362,288,847",117,118,105.5,105.5,-11.5,"2,466",
2233,ÂÆáÈ?,"346,657","16,579,830",48.15,49,47.25,47.35,-0.55,292,
2236,?æÈ?-KY,"7,000","107,200",15.3,15.8,15.05,15.05,-0.25,7,
2239,?±Âà©-KY,"101,178","5,120,756",51.8,51.8,49.45,49.95,-1.25,87,
2243,ÂÆèÊó≠-KY,"25,000","236,760",9.5,9.56,9.32,9.32,-0.22,15,
2301,"?âÂØ∂Áß?,11",767,"747""","464,627,683",39.8,40.15,39.1,39.1,-0.3,"5,797"
2302,È∫óÊ≠£,"159,004","796,281",5.04,5.05,4.97,4.98,0.06,79,
2303,?ØÈõª,"90,628,139","1,253,166,496",13.8,14,13.75,13.8,0.05,"11,308",
2305,?®Â?,"532,212","2,114,484",3.99,4.07,3.87,3.87,-0.05,213,
2308,"?∞È???,7",516,"116""","873,072,456",116,119,115,115,-0.5,"4,962"
2312,?ëÂØ∂,"4,981,427","49,611,869",10.15,10.3,9.7,9.7,-0.3,"1,434",
2313,"?ØÈÄ?,34",696,"866""","951,035,672",28.25,28.5,26.1,26.1,-1.6,"13,731"
2314,?∞Ê?,"1,638,542","22,955,092",14.2,14.4,13.4,13.4,-0.75,787,
2316,"Ê•†Ê???,3",998,"619""","98,148,835",24.8,25.15,23.7,23.7,-0.35,"2,074"
2317,È¥ªÊµ∑,"76,268,240","5,378,721,353",70.7,71.3,70,70,-0.6,"30,314",
2321,?±Ë?,151,188,0,0,0,0,0,3,
2323,‰∏≠Áí∞,"17,112,877","114,492,475",6.79,6.89,6.48,6.58,-0.08,"4,206",
2324,‰ªÅÂØ∂,"24,219,785","398,878,966",16.4,16.6,16.3,16.5,0,"6,791",
2327,?ãÂ∑®,"27,465,524","7,296,200,644",273,275,250,254.5,-10.5,"19,059",
2328,Âª??,"2,275,221","36,217,770",16,16.1,15.75,15.95,0.15,"1,167",
2329,?ØÊ≥∞,"4,031,031","36,503,660",9,9.23,8.9,8.9,0,"1,607",
2330,"?∞Á???,118",620,"643""","31,555,231,792",269.5,272.5,260,260,-8,"53,985"
2331,Á≤æËã±,"1,216,022","10,157,869",8.42,8.45,8.3,8.3,-0.29,524,
2332,?ãË?,"5,324,846","48,537,444",9.3,9.33,8.95,8.97,-0.2,"2,003",
2337,?∫Â?,"57,693,817","1,469,948,875",26.15,26.3,24.5,24.5,-0.85,"20,112",
2338,?âÁΩ©,"7,186,959","170,992,498",24.3,24.5,22.7,22.7,-0.9,"3,593",
2340,?âÁ?,"2,974,535","47,191,882",16.4,16.45,15.5,15.55,-0.5,"1,444",
2342,?ÇÁüΩ,"8,665,494","196,081,182",24.2,24.2,21.05,21.05,-2.3,"4,651",
2344,"?ØÈÇ¶??,38",512,"699""","448,586,151",11.8,11.9,11.25,11.25,-0.25,"10,318"
2345,?∫ÈÇ¶,"9,022,798","1,526,143,170",171.5,172.5,165,165.5,-3,"5,920",
2347,?ØÂº∑,"9,600,059","336,446,884",34.7,35.45,34.45,34.45,-0.15,"3,956",
2348,Êµ∑Ê?,"497,341","22,766,853",45.5,46.65,45,46.5,1.2,358,
2349,?∏Âæ∑,"4,408,335","17,249,586",3.88,4,3.82,3.82,-0.05,"1,217",
2351,?ÜÂæ∑,"753,100","29,966,930",41,41.5,38.4,38.9,-2.1,528,
2352,"‰Ω≥‰???,7",202,"151""","110,498,715",15.6,15.65,14.95,14.95,-0.35,"3,300"
2353,ÂÆèÁ?,"16,568,603","223,969,477",13.5,13.65,13.4,13.5,0.05,"5,067",
2354,È¥ªÊ?,"5,265,550","264,382,846",50.6,50.9,49.95,50,-1,"3,121",
2355,?¨Èµ¨,"1,177,519","25,715,208",22,22.2,21.5,21.6,-0.35,777,
2356,"?±Ê•≠??,9",58,"383""","180,606,259",19.9,20.2,19.6,19.9,0,"3,362"
2357,?ØÁ¢©,"3,354,908","619,861,421",185,187,183,186,1,"2,380",
2358,Âª∑Èë´,"577,000","5,934,630",10.45,10.75,9.95,10.35,-0.15,246,
2359,?ÄÁæÖÈ?,"694,617","10,749,955",15.55,15.8,15.1,15.1,-0.45,404,
2360,?¥Ë?,"3,469,258","382,723,944",115,115,107,107,-0.5,"2,594",
2362,?çÂ§©,"728,547","19,754,663",27.2,27.4,26.75,27.1,-0.1,441,
2363,?ΩÁµ±,"2,970,192","17,125,057",5.9,5.96,5.54,5.6,-0.2,"1,166",
2364,?´È?,"168,123","263,562",1.58,1.6,1.53,1.55,0.09,236,
2365,?ÜÁ?,"1,164,612","6,648,137",5.51,5.85,5.5,5.8,0.35,365,
2367,?øËèØ,"11,925,889","210,806,134",17.9,18.1,17.1,17.1,-0.3,"4,515",
2368,"?ëÂ???,126",738,"996""","2,501,663,661",20.6,20.9,18.55,19.1,-0.95,"37,172"
2369,?±Á?,"2,451,824","19,825,407",8.4,8.4,7.81,7.81,-0.25,"1,030",
2371,Â§ßÂ?,"9,223,956","170,482,090",18.35,19.05,18,18.15,-0.4,"3,793",
2373,"?áÊó¶Ë°?,183","327""","14,885,087",83.3,83.8,78.2,82.3,-1,154,
2374,‰Ω≥ËÉΩ,"611,373","6,496,509",10.5,10.95,10.2,10.25,-0.7,319,
2375,?±Á?,"2,379,630","68,685,405",29.25,29.6,28.05,28.05,-0.55,"1,549",
2376,"?Ä??,8",594,"020""","357,803,550",43,43.45,40,40,-2.6,"4,943"
2377,ÂæÆÊ?,"4,888,748","370,826,122",77.4,78,73.2,73.2,-4.3,"3,219",
2379,?ûÊò±,"5,435,308","995,527,440",182.5,187,179.5,180,-4.5,"3,937",
2380,?πÂ?,"147,683","495,100",3.4,3.42,3.31,3.41,-0.01,85,
2382,Âª??,"12,345,681","686,311,678",55.4,56.3,55,55,-1.2,"6,079",
2383,"?∞Â???,5",210,"896""","537,576,556",101.5,105.5,100,100,-1,"3,359"
2385,Áæ§Â?,"3,330,042","253,522,791",76,76.9,75.8,76,-0.9,"1,968",
2387,Á≤æÂ?,"3,542,657","88,312,850",25.4,26,24.05,24.2,-1.2,"1,596",
2388,Â®ÅÁ?,"1,000,463","19,681,769",20.2,20.55,18.8,18.8,-0.95,575,
2390,‰∫ëËæ∞,"5,057,100","33,382,309",5.87,6.72,5.87,6.72,0.61,"1,428",
2392,Ê≠?¥¥,"2,891,806","77,291,152",27.1,27.35,26,26,-0.9,"1,525",
2393,?ÑÂ?,"3,566,380","86,940,036",24.7,25.15,23.5,23.5,-1.2,"2,069",
2395,?îËèØ,"2,262,074","553,208,863",235,250,235,241.5,4,"1,806",
2397,"?ãÈÄ?,389","760""","23,991,119",63.4,63.8,59.7,59.7,-4.4,296,
2399,?†Ê≥∞,"8,478,000","62,888,320",6.9,7.6,6.9,7.5,0.06,927,
2401,?åÈôΩ,"1,440,216","12,040,108",8.46,8.56,8.18,8.24,-0.12,755,
2402,ÊØÖÂ?,"1,399,993","14,550,513",10.15,10.55,10.1,10.55,0.4,686,
2404,Êº¢Â?,"2,031,207","299,516,015",150,151,145,145,-2,"1,571",
2405,Êµ©Èë´,"1,885,000","12,579,090",6.46,6.75,6.46,6.75,0.25,703,
2406,?ãÁ¢©,"1,507,524","13,378,370",9,9.3,8.65,8.69,-0.11,716,
2408,"?ó‰?Áß?,21",734,"141""","1,144,418,607",55.5,55.9,50.2,50.2,-3.9,"11,722"
2409,?ãÈ?,"112,842,850","822,144,252",7.36,7.41,7.1,7.1,-0.15,"20,698",
2412,"‰∏≠ËèØ??,17",985,"225""","1,907,565,380",107,107,105,106.5,-0.5,"6,317"
2413,?∞Á?,"306,671","2,774,488",9.3,9.3,8.89,8.89,-0.11,177,
2414,Á≤æÊ?,"567,520","11,535,152",20.45,20.55,20.15,20.15,-0.2,231,
2415,?©Êñ∞,"561,229","6,576,664",12,12.1,11.2,11.2,-1.2,240,
2417,?ìÂ?,"3,156,309","30,139,413",9.94,9.94,9.01,9.09,-0.45,"1,498",
2419,‰ª≤Áê¶,"1,428,832","24,531,644",17.3,17.6,16.3,16.3,-1.3,748,
2420,?∞Â∑®,"626,180","18,028,625",29.15,29.2,28.6,28.6,-0.55,442,
2421,Âª∫Ê?,"2,539,402","84,000,516",33.5,33.7,32.25,32.55,-0.45,"1,718",
2423,?∫Á∑Ø,"484,050","10,074,325",20.8,21.5,20.2,20.2,-0.9,336,
2424,?¥ËèØ,"3,000","63,000",21,21,21,21,X0.00,3,
2425,?øÂ?,"681,236","17,246,123",24.7,25.9,24.65,25.3,0.65,449,
2426,ÈºéÂ?,"1,201,106","11,175,621",9.5,9.5,9,9,-0.36,704,
2427,"‰∏âÂ???,515","207""","4,717,341",9.4,9.4,9.09,9.33,-0.17,128,
2428,?àÂã§,"402,305","27,001,494",68.2,68.2,65.8,65.8,-1.5,340,
2429,"?òÊó∫Áß?,252","000""","4,439,350",17.65,18.05,17,17,-0.5,140,
2430,?¶Âù§,"238,380","3,143,096",13.25,13.35,13.05,13.15,-0.1,139,
2431,?ØÊ?,"497,000","3,088,920",6.15,6.48,6,6.16,0.2,203,
2433,"‰∫íÁ???,257","500""","11,847,425",45.7,46.35,45.4,46.1,0.3,180,
2434,Áµ±Ê?,"122,000","749,960",6.21,6.21,5.7,5.7,-0.51,26,
2436,"?âË©Æ??,3",14,"573""","67,099,410",22.05,22.7,21.65,21.8,-0.1,"1,967"
2438,ÁøîËÄÄ,"137,000","797,650",5.88,5.9,5.4,5.4,-0.48,24,
2439,ÁæéÂ?,"3,825,035","485,511,404",126,128.5,124.5,126.5,0.5,"3,056",
2440,"Â§™Á©∫Ê¢?,17","850""","122,276",6.83,7,6.83,7,0.13,16,
2441,Ë∂ÖË?,"1,205,175","46,301,650",39.2,39.95,37.95,38.5,-0.4,835,
2442,"?∞Á?ÈΩ?,1",353,"076""","8,245,352",6.19,6.38,5.85,5.85,-0.29,639
2443,?ÑÈ?,"163,832","433,053",2.6,2.73,2.6,2.61,0.01,92,
2444,?ÜÂ?,"1,867,768","27,369,157",15.25,15.25,13.65,14.7,-0.35,282,
2448,?∂Èõª,"26,363,728","724,882,981",28.3,28.45,26.5,26.55,-1,"10,342",
2449,‰∫¨Â??ªÂ?,"15,930,452","493,760,351",30.2,31.75,30.2,30.9,0.9,"8,131",
2450,Á•ûËÖ¶,"342,202","9,053,998",27,27,26,27,0,230,
2451,?µË?,"1,442,627","98,179,903",68.1,68.7,67.8,67.8,0,963,
2453,?åÁæ§,"360,999","4,397,788",12.35,12.35,12,12,-0.2,223,
2454,"?ØÁôºÁß?,14",131,"612""","4,441,650,824",315.5,321.5,301.5,301.5,-14,"9,639"
2455,?®Êñ∞,"3,222,612","227,169,115",73.1,73.5,67.5,67.5,-3.5,"2,173",
2456,"Â•áÂ???,7",345,"013""","578,551,240",80.5,81.4,74.5,74.5,-4.4,"5,324"
2457,È£õÂ?,"947,849","5,345,625",5.66,5.8,5.51,5.59,-0.09,403,
2458,Áæ©È?,"6,128,765","461,463,154",75.5,76.4,73.7,73.7,0,"4,366",
2459,?¶Â?,"328,262","11,708,654",36.8,36.8,35.2,35.2,-0.75,262,
2460,"Âª∫ÈÄ?,120","000""","861,470",7.17,7.48,7.08,7.21,-0.01,66,
2461,"?âÁæ§??,2",9,"081""","25,685,774",12.85,13.2,12.45,12.45,-0.45,761
2462,"?ØÂ???,159","595""","3,800,609",25.5,25.5,23.3,23.8,-0.9,89,
2464,?üÁ?,"806,816","23,110,974",28.7,29.4,28.3,28.3,-0.4,521,
2465,È∫óËá∫,"115,516","704,814",6.05,6.2,6.04,6.05,0,84,
2466,"?†Ë•ø??,69","000""","2,206,750",32.2,32.25,31.6,32.2,-0.05,62,
2467,ÂøóË?,"924,081","23,053,993",25.25,25.45,24.8,24.8,-0.2,582,
2468,?ØÁ?,"156,000","1,935,100",12.45,12.55,12.25,12.35,-0.1,74,
2471,"Ë≥áÈÄ?,262","110""","4,428,981",16.75,17.05,16.6,16.6,-0.3,131,
2472,"Á´ãÈ???,395","450""","10,660,981",27.65,27.7,26.05,26.05,-1.25,300,
2474,?ØÊ?,"6,523,718","1,266,158,856",197.5,198,190,192,3.5,"4,051",
2476,?ÖÁ••,"377,400","6,763,329",17.55,18.1,17.3,17.8,0.25,225,
2477,"ÁæéÈ???,345","673""","6,054,108",17.75,17.8,17,17.25,-0.5,199,
2478,Â§ßÊ?,"10,591,923","568,754,900",55.6,56.1,50,51.5,-2.7,"6,788",
2480,"?¶ÈôΩÁß?,1",770,"118""","94,072,895",54,54.4,52.5,52.6,-1.4,"1,154"
2481,Âº∑Ë?,"5,235,953","82,985,270",16.35,16.55,15,15.2,-0.95,"3,087",
2482,???,"181,111","1,827,965",10.1,10.2,9.95,10.05,0.08,87,
2483,?æÂÆπ,"153,000","2,439,250",16,16.15,15.8,15.8,-0.2,85,
2484,Â∏åËèØ,"1,203,033","18,714,170",15.85,16.1,15,15,-0.85,694,
2485,?ÜËµ´,"1,561,407","19,652,145",12.55,12.85,12.35,12.45,-0.15,851,
2486,"‰∏ÄË©?,637","562""","3,494,299",5.6,5.6,5.34,5.35,-0.19,222,
2488,Êº¢Âπ≥,"326,000","8,341,547",25.65,26.05,25.05,25.05,-0.55,232,
2489,?ûË?,"1,879,389","12,620,900",6.71,6.77,6.65,6.66,-0.05,781,
2491,"?âÁ••??,86","004""","597,486",7.49,7.49,6.68,6.9,-0.52,35,
2492,"?ØÊñ∞Áß?,17",222,"330""","2,586,662,850",153.5,154.5,144,144.5,-5.5,"11,256"
2493,?öÂ?,"651,101","15,503,138",24,24.25,23.6,23.65,-0.5,393,
2495,?ÆÂ?,"551,700","5,965,800",10.9,10.9,10.65,10.7,0,160,
2496,?ìË?,"24,000","1,278,700",53.5,54.5,52,52,-1.6,20,
2497,"?°Âà©??,151","300""","2,092,490",14.05,14.05,13.7,13.8,-0.05,86,
2498,"ÂÆèÈ???,10",899,"571""","303,059,543",27.55,28.95,26.95,26.95,0,"5,761"
2499,?±Ë?,"3,742,346","24,490,535",6.7,6.8,6.2,6.23,-0.44,"1,188",
2501,?ãÂª∫,"1,355,958","22,934,888",17.05,17.1,16.75,16.75,-0.35,976,
2504,?ãÁî¢,"18,810,871","196,581,083",10.5,10.85,10.1,10.1,0.19,"6,143",
2505,?ãÊ?,"1,912,244","25,153,422",13.25,13.5,13,13.15,-0.45,633,
2506,Â§™Ë®≠,"231,478","2,142,328",9.33,9.4,9.03,9.3,-0.14,162,
2509,"?®Âù§Âª?,141","260""","2,761,106",18.95,19.9,18.95,19.8,-0.1,123,
2511,Â§™Â?,"1,839,072","16,689,530",9.2,9.21,9,9.01,-0.19,708,
2514,ÈæçÈÇ¶,"3,395,125","40,847,479",12.3,12.35,11.7,12.35,0.1,645,
2515,‰∏≠Â∑•,"6,476,432","36,284,089",5.65,5.69,5.55,5.55,-0.1,"1,489",
2516,?∞Âª∫,"1,543,331","6,317,978",4.12,4.2,3.72,3.72,-0.4,152,
2520,?†Âæ∑,"2,441,488","48,529,753",20.4,20.5,19.3,19.55,-0.85,"1,091",
2524,‰∫¨Â?,"704,289","20,632,678",28.7,31.15,28.05,28.05,-1.45,488,
2527,ÂÆèÁ?,"346,000","5,854,200",17.3,17.35,16.6,16.7,-0.45,213,
2528,?áÊôÆ,"397,643","6,820,766",17.6,17.65,16.85,17,-0.65,175,
2530,?ØÂª∫,"413,371","6,653,071",15.85,16.2,15.8,16.15,-0.05,101,
2534,ÂÆèÁ?,"2,428,691","36,984,533",15.5,15.7,14.75,14.75,-0.75,999,
2535,"?îÊ¨£Â∑?,2",476,"750""","48,136,992",19.55,19.75,19.15,19.15,-0.25,"1,073"
2536,ÂÆèÊôÆ,"833,003","16,817,010",20.35,20.55,20,20,-0.15,308,
2537,"?Ø‰???,2",246,"012""","14,529,273",6.5,6.7,6.33,6.36,-0.05,864
2538,?∫Ê≥∞,"1,062,491","9,385,224",8.89,8.94,8.75,8.75,-0.16,404,
2539,"Ê´ªËä±Âª?,453","494""","13,548,193",29.3,30.4,29.1,30.25,1,268,
2540,"?õÂ±±??,34","000""","655,500",19.3,19.95,18.8,19,0.1,23,
2542,"?àÂ???,5",75,"638""","187,835,446",38,38,36.3,36.45,-1.55,"3,535"
2543,?áÊ?,"37,005","252,381",6.86,6.92,6.5,6.92,0.62,31,
2545,?áÁ?,"776,400","20,215,729",27.75,27.75,25.15,25.7,-1.65,441,
2546,?πÂü∫,"192,301","6,578,771",34.45,35.45,33.75,33.85,-0.25,164,
2547,"?•Â???,1",525,"449""","11,993,936",7.83,7.99,7.7,7.78,-0.03,729
2548,?ØÂõ∫,"3,870,056","324,412,776",86.5,86.5,82,82.8,-4.1,"2,754",
2597,ÊΩ§Â?,"114,001","6,068,052",55,55,50.3,52.1,-1.9,96,
2601,?äËà™,"2,503,976","18,936,874",7.52,7.7,7.46,7.57,-0.01,733,
2603,?∑Ê¶Æ,"22,510,059","216,855,169",9.46,9.98,9.38,9.5,0.08,"7,116",
2605,?∞Ë?,"2,046,100","21,564,540",10.4,10.65,10.4,10.5,0.05,899,
2606,Ë£ïÊ?,"2,598,973","65,788,011",25.6,25.85,24.9,24.9,-0.1,"1,433",
2607,Ê¶ÆÈ?,"1,423,209","16,841,578",11.95,11.95,11.7,11.7,-0.25,360,
2608,?âÈ?Â§ßÊ¶Æ,"464,605","15,655,077",34,34,33.4,33.6,-0.4,339,
2609,?ΩÊ?,"4,002,828","20,114,073",4.89,5.2,4.89,4.96,0.01,"1,145",
2610,?ØËà™,"37,949,187","232,961,710",6.5,6.53,5.95,6,-0.49,"10,010",
2611,Âøó‰ø°,"79,713","496,462",6.11,6.4,6.11,6.22,-0.01,49,
2612,‰∏≠Ëà™,"358,341","7,385,384",20.75,21,20.1,20.35,-0.25,243,
2613,‰∏≠Ê?,"203,188","2,218,339",10.65,11.05,10.65,11.05,0,100,
2614,?±Ê£Æ,"3,073,586","32,019,389",10.5,10.7,10.2,10.2,-0.1,"1,323",
2615,?¨Êµ∑,"4,432,155","58,871,363",13.6,13.65,13,13.15,-0.25,"1,759",
2616,Â±±È?,"382,966","10,442,421",27.2,27.8,27.1,27.1,0.05,230,
2617,?∞Ëà™,"680,149","8,989,837",13.05,13.45,13,13,0.15,345,
2618,"?∑Ê¶Æ??,53",769,"826""","470,938,611",9.4,9.4,8.51,8.55,-0.9,"16,459"
2630,‰∫ûËà™,"118,000","1,359,350",11.65,12,11.25,11.25,-0.95,62,
2633,?∞ÁÅ£È´òÈêµ,"14,398,503","401,925,284",27.5,28.4,27.4,27.8,-0.6,"6,208",
2634,Êº¢Á?,"2,867,034","76,814,005",26.95,27.1,26.6,26.8,-0.15,"1,436",
2636,?∞È??ïÊéß,"319,928","6,083,432",19,19.45,18.8,18.85,-0.15,204,
2637,?ßÊ?-KY,"3,082,848","67,714,547",22.6,22.85,21.35,21.55,-1.1,"1,261",
2642,"ÂÆÖÈ???,653","150""","15,991,550",24.15,25,24.15,24.25,0.1,400,
2701,?¨‰?,"211,297","2,308,576",11.1,11.1,10.7,10.95,-0.25,158,
2702,?ØÂ?,"615,896","6,757,868",11.65,11.85,10.35,10.45,-1.05,327,
2704,?ãË?,"338,023","7,738,222",23.1,23.5,22.2,22.8,-0.3,224,
2705,?≠Á?,"398,838","3,836,384",9.74,9.74,9.5,9.68,0.02,220,
2706,"Á¨¨‰?Â∫?,315","894""","3,918,623",12.7,12.7,12.2,12.5,-0.2,173,
2707,?∂ËèØ,"906,212","102,645,456",120,120,110,110.5,-9.5,695,
2712,"?†È?‰æ?,32","000""","977,450",30.15,32.5,30.05,30.05,-3.3,24,
2722,Â§èÈÉΩ,"524,000","10,993,000",19.8,21,19.8,20.5,0.75,25,
2723,ÁæéÈ?-KY,"1,648,483","106,482,568",65.1,66.6,62.4,62.4,-1.7,"1,271",
2727,?ãÂ?,"636,848","35,804,288",57.3,58.9,54.5,54.6,-2.7,"1,346",
2731,?ÑÁ?,"595,041","30,966,037",55.2,55.2,51.1,51.2,-5.5,497,
2739,ÂØíË?,"97,099","1,950,478",20.45,20.5,19.4,20.5,0.05,60,
2748,?≤Â?,"108,714","4,028,407",37.15,37.45,36.85,36.85,-0.95,98,
2801,ÂΩ∞È?,"19,575,145","377,671,428",19.3,19.55,18.9,19.5,0.05,"7,218",
2809,‰∫¨Â??Ä,"8,522,632","245,587,381",29.2,29.45,28.3,28.45,-0.75,"3,281",
2812,?∞‰∏≠?Ä,"17,258,291","175,784,353",10.3,10.35,10.05,10.05,-0.2,"5,631",
2816,"?∫Êó∫‰ø?,314","532""","5,368,633",17.2,17.5,16.8,16.8,-0.35,169,
2820,?ØÁ•®,"1,904,731","26,458,526",13.85,13.95,13.85,13.85,-0.1,707,
2823,‰∏≠Â£Ω,"33,638,654","538,043,748",16.1,16.3,15.65,15.85,-0.25,"10,072",
2832,?∞Áî¢,"684,680","12,353,370",18.3,18.3,17.85,18.05,-0.25,359,
2834,?∫‰??Ä,"47,298,175","453,944,596",9.74,9.75,9.44,9.48,-0.25,"15,128",
2836,È´òÈ??Ä,"1,357,824","11,777,786",8.73,8.73,8.64,8.66,-0.06,565,
2838,?ØÈÇ¶?Ä,"2,701,544","26,021,961",9.68,9.78,9.55,9.55,-0.13,"1,205",
2838A,?ØÈÇ¶?Ä?≤Áâπ,"312,250","16,160,974",51.6,52.1,51.4,51.5,0,178,
2841,?∞È?,"7,617,709","40,706,147",5.42,5.54,5.17,5.17,-0.13,"1,558",
2845,?†Êù±?Ä,"8,035,305","77,564,597",9.9,9.9,9.5,9.51,-0.21,"3,077",
2849,ÂÆâÊ≥∞?Ä,"416,316","5,256,516",12.65,12.8,12.5,12.5,-0.4,274,
2850,?∞Áî¢,"509,300","16,360,050",32.3,32.85,31.7,31.75,-0.45,324,
2851,"‰∏≠Â?‰ø?,508","786""","8,428,396",16.65,16.75,16.5,16.55,-0.1,286,
2852,"Á¨¨‰?‰ø?,254","243""","2,910,354",11.55,11.65,11.35,11.45,-0.1,132,
2855,"Áµ±‰?Ë≠?,1",611,"274""","18,104,098",11.25,11.4,11.1,11.2,-0.1,679
2867,"‰∏âÂ?Â£?,6",961,"102""","60,254,908",8.85,8.87,8.45,8.45,-0.37,"2,553"
2880,"?ØÂ???,41",933,"266""","734,063,048",17.85,17.85,17.3,17.5,-0.35,"13,382"
2881,"ÂØåÈÇ¶??,30",545,"208""","1,130,248,607",37.4,37.55,36.7,36.85,-0.5,"11,557"
2881A,"ÂØåÈÇ¶??,686","045""","42,966,044",62.5,62.9,62.4,62.5,-0.3,883,
2881B,"ÂØåÈÇ¶?ë‰???,589","577""","36,749,637",61.5,62.6,61.5,62,0.6,208,
2882,"?ãÊ≥∞??,36",276,"918""","1,263,780,681",35.05,35.15,34.55,34.65,-0.35,"13,239"
2882A,"?ãÊ≥∞??,993","727""","61,277,385",61.6,61.9,61.4,61.6,-0.2,303,
2882B,"?ãÊ≥∞?ë‰???,623","812""","38,646,013",61.4,62.1,61.4,62,0.6,135,
2883,"?ãÁôº??,59",718,"807""","451,452,491",7.61,7.65,7.5,7.5,-0.1,"9,449"
2884,"?âÂ±±??,162",751,"115""","3,693,666,592",22.8,23.25,22.2,22.2,-1.35,"50,725"
2885,"?ÉÂ§ß??,39",140,"446""","606,092,853",15.4,15.8,15.1,15.55,-0.05,"8,698"
2886,"?ÜË???,47",149,"691""","1,320,506,700",27.6,28.45,27.6,28,0,"15,541"
2887,"?∞Êñ∞??,65",105,"656""","756,835,985",11.95,12,11.3,11.4,-0.55,"17,702"
2887E,?∞Êñ∞?äÁâπ,"239,623","12,669,307",52.8,53.3,52.5,52.7,-0.1,134,
2887F,"?∞Êñ∞?äÁâπ‰∫?,313","874""","16,321,374",51,52.5,51,51.5,0.3,145,
2888,"?∞Â???,83",729,"521""","636,558,316",7.79,7.8,7.46,7.46,-0.25,"13,562"
2888A,"?∞Â??ëÁî≤??,440","131""","19,277,694",43.5,44.35,42.85,43.55,0.1,155,
2889,"?ãÁ•®??,7",581,"168""","72,009,703",9.62,9.62,9.4,9.62,-0.03,"2,842"
2890,"Ê∞∏Ë???,40",651,"026""","412,566,194",10.2,10.3,10,10.1,-0.2,"8,640"
2891,"‰∏≠‰ø°??,90",387,"788""","1,632,454,892",18.25,18.3,17.9,17.95,-0.4,"27,274"
2891B,"‰∏≠‰ø°?ë‰???,237","271""","15,451,936",64.5,65.5,64.5,65.5,0,116,
2891C,"‰∏≠‰ø°?ë‰???,360","948""","22,219,614",61,62.1,60.8,61.5,0.5,210,
2892,"Á¨¨‰???,66",975,"750""","1,281,324,911",19.4,19.45,19,19.05,-0.4,"21,149"
2897,"?ãÈ??ÄË°?,2",725,"285""","16,171,058",6.17,6.17,5.82,5.95,-0.18,870
2897A,?ãÈ??Ä?≤Áâπ,"223,500","2,189,165",9.8,9.86,9.7,9.8,0,71,
2901,Ê¨?¨£,"36,000","815,750",23,23,22.15,22.8,-0.2,33,
2903,?†Áôæ,"2,835,704","59,795,418",21.1,21.2,21,21.15,0,895,
2904,?ØÂ?,"123,412","2,283,557",18.55,18.55,18.4,18.5,0,80,
2905,‰∏âÂ?,"1,657,660","26,045,592",16,16.05,15.5,15.5,-0.55,844,
2906,È´òÊ?,"135,221","1,327,905",9.9,9.99,9.7,9.85,-0.01,82,
2908,?πÂ?,"435,691","8,060,613",18.8,19.1,18.3,18.5,-0.35,230,
2910,Áµ±È?,"27,000","817,300",28.6,31.45,28.6,31.2,2.6,26,
2911,"È∫óÂ¨∞??,321","240""","1,893,830",5.92,6.08,5.61,5.86,-0.06,163,
2912,"Áµ±‰?Ë∂?,3",64,"088""","874,885,411",285,290,281,283.5,-3,"2,271"
2913,Ëæ≤Ê?,"2,029,213","25,396,736",12.55,12.7,12.3,12.35,-0.5,706,
2915,"ÊΩ§Ê≥∞??,4",375,"726""","284,619,982",63.3,66.3,63.3,64.4,1.1,"2,824"
2923,ÈºéÂõ∫-KY,"174,000","3,691,450",20.5,22.45,20.5,22.3,1.2,135,
2929,Ê∑òÂ?-KY,"1,154,530","62,036,424",56.1,56.7,50.7,50.7,-5.1,923,
2936,ÂÆ¢ÊÄùÈ?-KY,"43,000","557,150",13.05,13.3,12.65,12.65,-1.2,37,
2939,?±Áæø-KY,"132,150","11,982,674",88.9,93.5,87.5,89.1,0.2,124,
3002,Ê≠êÊ†º,"338,148","2,869,888",8.42,8.7,8.3,8.6,-0.23,145,
3003,"?•Â???,490","225""","15,418,330",32.65,32.65,30.9,31,-1,350,
3004,"Ë±êÈ?Áß?,431","100""","21,507,850",50.7,51.7,48,48,-2.2,437,
3005,Á•ûÂü∫,"3,060,184","132,539,934",43.55,44.75,42.5,42.5,-0.9,"1,937",
3006,"?∂Ë±™Áß?,2",246,"928""","61,721,219",28,28.5,26.65,26.7,-0.8,"1,363"
3008,"Â§ßÁ???,1",188,"034""","4,403,957,570","3,760.00","3,815.00","3,600.00","3,600.00",-135,"1,567"
3010,?ØÁ?,"413,551","19,165,976",46.4,47.3,45.8,45.85,-0.85,333,
3011,‰ªäÁ?,"140,099","583,756",4.07,4.23,4.07,4.18,0.05,55,
3013,"?üÈ???,346","657""","3,870,958",11.15,11.35,11,11.25,-0.1,189,
3014,?ØÈôΩ,"3,532,299","135,466,461",39.4,39.6,37.2,37.2,-1.65,"2,254",
3015,?®Êº¢,"299,225","4,873,156",16.5,16.5,16.05,16.1,-0.25,177,
3016,?âÊô∂,"23,454,318","1,240,136,173",53,54.7,49.8,50.9,-1.1,"14,629",
3017,Â•áÈ?,"12,997,586","364,781,555",28,29.2,27.5,27.5,0.5,"6,658",
3018,?åÈ?,"482,655","7,718,437",16.15,16.5,15.5,15.65,-0.25,280,
3019,‰∫ûÂ?,"3,515,047","211,560,444",61.3,62.2,58,58.1,-2.1,"2,488",
3021,È¥ªÂ?,"163,135","1,967,629",12.15,12.45,11.75,11.75,-0.6,87,
3022,"Â®ÅÂº∑??,1",294,"695""","39,321,259",30.15,31.85,29.5,30.8,-0.75,769
3023,‰ø°ÈÇ¶,"2,928,949","299,880,256",102,104.5,100,102,1.5,"2,157",
3024,?∂ËÅ≤,"304,319","1,928,633",6.77,6.8,6.25,6.28,-0.18,91,
3025,"?üÈÄ?,215","006""","3,062,084",14.35,14.45,14,14.05,-0.3,103,
3026,"Á¶æ‰º∏??,3",821,"189""","331,774,565",89.1,89.7,83.5,83.5,-3.6,"2,777"
3027,?õÈ?,"146,000","841,690",5.8,5.81,5.7,5.7,-0.07,74,
3028,"Â¢û‰?Âº?,733","535""","12,593,809",17.35,17.5,17,17.05,-0.3,368,
3029,?∂Â£π,"2,564,300","74,055,676",28.8,29.35,28.25,28.3,0.1,"1,682",
3030,Âæ∑Â?,"1,031,557","44,469,851",43.85,43.85,42.5,42.5,-0.8,736,
3031,‰Ω∞È¥ª,"1,452,563","14,902,114",10.2,10.35,10.05,10.2,0.05,404,
3032,?âË?,"281,358","5,797,550",20.2,20.85,20.2,20.7,0.35,166,
3033,Â®ÅÂÅ•,"1,723,618","21,614,724",12.75,12.9,12.1,12.1,-0.65,922,
3034,?ØË?,"5,443,470","930,502,702",171,173.5,168,168.5,-1.5,"3,882",
3035,?∫Â?,"3,697,899","122,601,160",33.95,34,32,32.35,-0.6,"2,575",
3036,?áÊ?,"1,443,269","50,597,020",35.05,35.35,34.6,34.65,-0.65,875,
3037,Ê¨??,"40,064,336","1,089,605,990",27.4,28,26.2,26.2,-0.3,"18,046",
3038,?®Âè∞,"1,227,998","16,264,474",13.5,13.6,13,13,-0.2,541,
3040,?†Ë?,"107,000","2,696,450",25.5,25.55,25,25.1,0.05,77,
3041,?öÊô∫,"3,288,450","43,618,950",13.5,13.65,12.8,12.8,-0.3,"1,538",
3042,?∂Ê?,"11,675,907","482,210,812",43.1,43.65,40.1,40.1,-2.4,"7,261",
3043,ÁßëÈ¢®,"277,475","380,458",1.35,1.42,1.35,1.36,-0.14,58,
3044,?•È?,"2,729,650","240,043,637",86.9,90.9,86.6,87.4,0.6,"1,415",
3045,"?∞ÁÅ£Â§?,11",731,"057""","1,185,341,257",102.5,102.5,99.8,101,-2,"5,758"
3046,Âª∫Á?,"19,098","144,811",7.8,7.8,7.33,7.35,-0.37,31,
3047,Ë®äË?,"1,580,010","9,790,980",6.23,6.38,6,6.05,-0.25,422,
3048,?äÁôª,"2,766,734","38,419,082",14.05,14.3,13.6,13.6,0.3,"1,431",
3049,?åÈë´,"15,529,677","141,640,538",8.92,9.35,8.85,8.94,0.19,"4,798",
3050,?∫Âæ∑,"2,109,005","17,245,280",8.32,8.35,7.99,8,-0.46,613,
3051,?õÁâπ,"189,912","583,591",3,3.19,3,3.14,0.05,48,
3052,Â§ÜÂÖ∏,"1,525,009","13,765,663",8.91,9.22,8.8,8.98,0.12,370,
3054,"Á´ãËê¨??,49","567""","1,118,155",22.9,22.9,22.2,22.3,-0.55,46,
3055,"?öËèØÁß?,121","214""","3,047,754",25.55,25.6,24.9,24.9,-0.2,106,
3056,Á∏ΩÂ§™,"2,619,643","60,688,635",24.05,24.1,22.7,22.7,-1.3,"1,395",
3057,?¨È?,"327,086","1,435,103",4.4,4.64,4.3,4.34,-0.09,134,
3058,Á´ãÂæ∑,"328,000","1,715,490",5.4,5.4,5.05,5.2,-0.21,120,
3059,"?ØÊô∂Áß?,1",290,"277""","21,520,370",16.85,17.15,16.05,16.3,-0.9,708
3060,?òÁï∞,"1,635,733","18,513,213",11.35,11.7,11,11,-0.15,798,
3062,Âª∫Êº¢,"1,651,892","18,854,460",11.3,11.6,11.2,11.3,-0.1,857,
3090,"?•ÈõªË≤?,2",200,"720""","82,162,897",37.7,38.15,36.35,36.5,-0.8,"1,594"
3094,?ØÂ?,"423,030","6,656,616",15.7,16.2,15.45,15.75,-0.15,215,
3130,‰∏Ä?∂Â?,"62,050","8,432,250",140.5,141,132.5,132.5,-7.5,83,
3149,Ê≠??,"1,026,581","5,168,049",5.45,5.46,4.91,4.95,-0.5,306,
3164,?ØÂ≤≥,"223,184","4,464,330",20,20.55,19.45,19.45,-0.55,107,
3167,Â§ßÈ?,"200,001","6,827,884",34.25,34.4,33.9,34.1,-0.15,161,
3189,?ØÁ¢©,"5,613,719","197,730,077",36,36.15,34.35,34.5,-0.7,"3,258",
3209,?®Á?,"741,471","12,590,407",17.05,17.15,16.8,17,0.05,372,
3229,?üÈà¶,"47,585","440,469",9.32,9.65,9.15,9.3,-0.02,23,
3231,Á∑ØÂâµ,"24,039,639","492,305,028",20.65,20.9,20.1,20.1,-0.7,"9,482",
3257,"?πÂ???,170","507""","7,980,346",47.4,47.5,46.6,46.85,-0.55,132,
3266,?áÈôΩ,"114,000","1,388,650",11.8,12.35,11.8,12.25,0.05,82,
3296,?ùÂæ∑,"105,500","1,250,374",12.05,12.2,11.5,11.95,-0.25,65,
3305,?áË≤ø,"157,127","2,945,313",18.7,18.95,18.5,18.75,-0.15,117,
3308,?ØÂæ∑,"15,019","65,259",4.3,4.64,4.06,4.21,X0.00,14,
3311,?éÊ?,"195,464","3,949,834",20.85,20.9,19.65,19.8,-1,199,
3312,"ÂºòÊÜ∂??,602","280""","6,784,793",11.6,11.65,11.05,11.05,-0.15,266,
3321,?åÊ≥∞,"336,956","2,419,573",7.09,7.45,6.88,6.88,-0.53,197,
3338,Ê≥∞Á¢©,"18,276,856","1,475,515,249",82,83.5,77.7,77.7,-2.1,"13,273",
3346,È∫óÊ?,"250,087","4,375,405",18.05,18.1,17.25,17.25,-0.55,151,
3356,Â•áÂÅ∂,"777,259","14,504,598",19.25,19.3,18,18,-1.25,420,
3376,"?∞Êó•??,3",69,"376""","316,402,200",106,108,99,99,-7,"2,201"
3380,?éÊ≥∞,"3,804,135","60,296,897",16.15,16.25,15.55,15.6,-0.4,"1,624",
3383,?∞‰?Á¥Ä,"78,775","314,256",4.2,4.31,3.73,4.28,0.14,36,
3406,"?âÊô∂??,15",301,"409""","5,279,206,154",356,358.5,326,330.5,-15,"11,789"
3413,‰∫¨È?,"2,342,922","246,039,810",107.5,107.5,103,103,-1,"1,871",
3416,"?çÁ???,91","100""","4,559,560",50.9,50.9,49.3,49.75,-0.35,65,
3419,Ë≠ÅË?,"825,133","8,212,718",9.81,10.15,9.71,9.71,-0.09,363,
3432,?∞Á´Ø,"81,000","735,250",9,9.18,9,9.03,-0.18,46,
3437,Ê¶ÆÂâµ,"991,200","11,050,400",11.3,11.35,10.85,10.9,-0.25,451,
3443,?µÊ?,"1,796,517","332,018,260",187,192,177.5,177.5,-7.5,"1,646",
3450,?ØÈ?,"7,145,340","430,987,783",62,62.4,56.5,57.7,-2.6,"5,174",
3454,?∂Áùø,"278,546","18,443,495",66,67.3,65.2,65.2,-0.8,261,
3481,Áæ§Ââµ,"127,010,436","732,635,520",5.86,5.91,5.64,5.64,-0.13,"23,344",
3494,Ë™†Á?,"232,000","744,580",3.21,3.32,3.16,3.22,0.01,69,
3501,Á∂≠ÁÜπ,"203,234","8,003,545",39.1,39.75,39,39,-0.75,150,
3504,"?öÊ???,1",530,"697""","69,317,510",46,47,42.6,42.6,-2.85,"1,047"
3515,?ØÊ?,"5,248,650","475,181,850",91.1,94,87,87,-3.5,"4,292",
3518,?èÈ®∞,"735,008","14,241,744",20.9,20.9,18.15,18.15,-2,477,
3528,ÂÆâÈ¶≥,"99,198","3,450,980",35.1,35.75,34.2,35,0.5,89,
3530,"?∂Áõ∏??,2",481,"407""","181,972,997",76,77.1,68.8,68.9,-5.2,"1,935"
3532,"?∞Â?Áß?,6",13,"181""","861,864,573",142,150,133.5,133.5,-9.5,"4,391"
3533,?âÊæ§,"1,956,728","469,880,860",237.5,245,232,233.5,1.5,"1,674",
3535,"?∂ÂΩ©Áß?,1",335,"013""","14,934,732",11.35,11.9,10.6,10.6,-0.45,763
3536,Ë™†Ââµ,"44,010","141,272",3.21,3.21,3.21,3.21,-0.35,14,
3545,?¶Ê≥∞,"7,698,113","210,502,906",27.2,28.3,26.15,27.1,-0.15,"3,620",
3550,?ØÁ?,"412,079","4,137,107",10,10.1,9.93,10.05,0.05,111,
3557,?âÂ?,"529,297","20,651,866",39,39.9,38,38.5,-0.5,311,
3563,?ßÂæ∑,"3,219,787","754,465,436",252.5,255,223.5,223.5,-24.5,"2,799",
3576,?ØÂ??çÁ?,"8,684,710","42,206,064",4.8,4.95,4.76,4.8,0.09,"2,097",
3583,"ËæõËÄ?,492","613""","19,093,799",38.8,39.7,37.8,37.85,-0.85,370,
3588,?öÂ?,"374,008","7,817,518",20,21.8,20,21.2,0.6,301,
3591,"?æÁ?Ê£?,150","206""","1,254,438",8.32,8.47,8.25,8.36,0.09,95,
3593,?õÈ?,"107,459","866,831",8.29,8.29,7.9,7.9,-0.39,63,
3596,?∫Ê?,"5,488,495","338,077,926",61.2,62.8,60.5,60.7,2.5,"4,105",
3605,ÂÆèËá¥,"800,995","14,809,957",18.85,19.15,18,18.05,-0.7,488,
3607,Ë∞∑Â¥ß,"280,012","2,501,908",9.05,9.16,8.56,8.56,-0.44,175,
3617,Á¢©Â§©,"341,524","26,042,781",76.5,77.1,75.5,75.8,0.3,278,
3622,Ê¥ãËèØ,"392,054","6,318,918",15.95,16.5,15.7,16.15,0.5,233,
3645,?îÈ?,"817,900","22,412,550",27.7,28.1,26.5,26.5,-1.1,551,
3653,?•Á?,"8,006,371","1,180,599,182",146,152.5,141.5,142,-0.5,"5,769",
3661,‰∏ñËäØ-KY,"8,802,897","1,527,655,005",177,179,165,165,-7,"6,377",
3665,Ë≤øËÅØ-KY,"3,372,593","511,393,450",152,156,147.5,148,1,"2,653",
3669,?ìÂ?,"4,503,262","111,367,042",26.5,27.1,23.15,23.15,-2.55,"2,402",
3673,TPK-KY,"4,637,059","168,537,180",36.75,37.3,35,35.2,-0.8,"2,948",
3679,"?∞Ëá≥??,144","202""","6,656,491",46.6,47.1,45.45,45.45,-1.25,117,
3682,"‰∫ûÂ§™??,4",205,"060""","23,861,320",5.71,5.75,5.61,5.61,-0.05,"1,438"
3686,?îËÉΩ,"344,539","1,102,477",3.29,3.29,3.15,3.27,-0.02,163,
3694,Êµ∑ËèØ,"303,000","3,627,600",11.9,12.3,11.85,12.05,0.15,174,
3698,?ÜÈ?,"1,496,508","16,657,384",11.25,11.4,10.7,10.85,-0.35,778,
3701,"Â§ßÁúæ??,14","998""","189,570",12.75,12.75,12.6,12.6,0.25,21,
3702,"Â§ßËÅØÂ§?,6",909,"498""","242,043,409",35.05,35.3,34.75,34.9,-0.2,"3,180"
3702A,"Â§ßËÅØÂ§ßÁî≤??,738","250""","35,574,775",48.2,48.3,48.1,48.2,-0.1,210,
3703,Ê¨?ô∏,"747,046","7,480,530",9.91,10.25,9.91,9.97,0.06,296,
3704,"?àÂã§??,3",740,"000""","42,608,350",11.1,11.65,11.1,11.6,0.45,"2,001"
3705,Ê∞∏‰ø°,"640,089","25,351,553",40,40,39.35,39.45,-0.55,450,
3706,Á•ûÈ?,"15,905,926","424,343,079",27,27.35,25.9,26,-0.8,"7,138",
3708,‰∏äÁ∑Ø?ïÊéß,"850,224","49,395,703",59.8,59.8,56.8,56.8,-0.8,874,
3711,"?•Ê??âÊ???,16",818,"524""","952,401,002",57.4,57.6,55.5,55.5,-2.2,"6,482"
3712,Ê∞∏Â¥¥?ïÊéß,"832,694","8,901,544",11,11.3,10.05,10.1,-0.9,565,
4104,‰Ω≥ÈÜ´,"298,311","14,827,169",49.8,50.1,49.5,49.6,0,245,
4106,?ÉÂ?,"619,100","11,939,987",19.85,20.35,18.05,18.1,-1.55,446,
4108,?∑Áâπ,"381,119","4,647,253",12.5,13,11.7,12,-0.5,288,
4119,?≠Â?,"3,485,010","337,032,025",100.5,101,93,93,-5.5,"2,560",
4133,"‰∫ûË´æÊ≥?,4",68,"658""","137,496,626",32.9,35.3,32.4,33.1,0.75,"2,873"
4137,È∫óË?-KY,"669,300","109,619,800",168,169,160,161,-3.5,576,
4141,ÈæçÁ?-KY,"235,209","2,814,116",12,12.15,11.75,11.8,-0.2,121,
4142,"?ãÂ???,23",860,"954""","702,499,197",29.85,30.3,28.6,28.8,-0.05,"10,736"
4144,Â∫∑ËÅØ-KY,"741,578","15,009,899",20.2,20.6,20.2,20.2,-2.2,385,
4148,?®Â??üÊ?-KY,"115,019","2,378,218",21.2,21.5,20.4,20.6,0.2,93,
4155,Ë®äÊ?,"667,752","17,027,037",25.8,26.15,25,25,-0.6,348,
4164,"?øÊ•≠??,1",609,"000""","47,761,550",28.5,31.25,28.5,30.7,-0.7,829
4190,‰ΩêÁôª-KY,"336,000","22,529,600",67.4,68.8,65.2,65.2,-2,275,
4306,?éÊ¥≤,"1,330,791","13,070,951",9.6,9.96,9.6,9.88,0.21,511,
4414,Â¶ÇË?,"3,413,334","28,266,598",8.48,8.5,8.04,8.31,-0.09,"1,070",
4426,?©Âã§,"920,450","24,156,925",26.6,26.95,25.2,25.2,-0.9,620,
4438,Âª??,"156,071","17,945,552",117.5,117.5,114,115.5,-0.5,120,
4439,?†Ê?-KY,"32,000","3,730,500",120,120,112,117,-3,32,
4526,?±Âè∞,"482,080","5,566,023",11.6,11.75,11.45,11.45,-0.15,224,
4532,?ûÊô∫,"994,205","15,515,675",15.85,15.95,15.25,15.5,-0.35,564,
4536,?ìÂá±,"333,064","32,677,764",101.5,101.5,96,96.1,-4.4,267,
4540,?®Á??≥Â?,"377,080","14,751,559",38.8,40.1,38.05,38.2,-0.1,288,
4545,?òÈà∫,"205,740","4,534,778",21.15,22.7,21.15,22.45,1.35,156,
4551,"?∫‰º∏Áß?,920","100""","94,530,968",106,108,99.2,99.7,-5.3,808,
4552,?õÈ?-KY,"357,671","9,029,275",24.7,26,24.7,25,0,225,
4555,Ê∞??,"40,000","1,665,750",41.55,42.75,41.3,41.35,-0.2,36,
4557,Ê∞∏Êñ∞-KY,"109,621","6,748,881",61.9,61.9,61.1,61.3,-0.7,105,
4560,Âº∑‰ø°-KY,"144,000","6,030,550",42.55,42.75,41.3,41.95,-0.6,104,
4562,Á©éÊº¢,"39,100","684,985",17.3,18,17.3,17.35,-1.45,29,
4564,?ÉÁ?,"673,971","18,101,765",26.7,27.4,26.6,26.6,0,532,
4566,?ÇÁ¢©Â∑•Ê•≠,"358,000","11,866,200",32.75,33.7,32.5,32.6,-0.15,181,
4571,?ûË?-KY,"68,155","2,949,472",45.05,46.3,42.3,42.65,-3.95,64,
4572,ÈßêÈ?,"87,300","6,867,808",77.7,80.2,77.7,77.8,-1.3,77,
4576,"Â§ßÈ?ÂæÆÁ≥ªÁµ?,393","740""","21,087,580",55.2,55.6,51.1,52,-2,328,
4581,?âÈ?Á≤æÂ?-KY,"117,000","3,851,850",32.5,33.2,32.5,32.5,0.5,61,
4720,Âæ∑Ê∑µ,"328,785","3,720,119",11.5,11.6,11.2,11.35,0,151,
4722,"?ãÁ≤æ??,695","933""","18,165,642",25.1,27.8,25,25.55,0.1,363,
4725,"‰ø°Ê???,948","240""","6,870,053",7.5,7.52,7.12,7.12,-0.24,326,
4737,?ØÂª£,"428,000","26,016,200",65,65.3,59,59.1,-6.4,311,
4739,Â∫∑ÊôÆ,"830,574","31,392,562",38.6,39.25,36.3,36.3,-1.4,580,
4746,?∞ËÄÄ,"8,789,267","369,660,835",45.75,46,40.05,40.45,-3.9,"5,731",
4755,"‰∏âÁ???,48","099""","1,995,028",42.5,42.5,40.8,41.35,-0.95,39,
4763,?êÊ?-KY,"596,111","57,175,278",95.1,98.3,95,95.3,1.3,468,
4764,?ôÈçµ,"146,100","7,724,250",51.5,54.5,51.5,51.9,-3,131,
4766,?óÂØ∂,"300,367","35,579,306",117,120.5,117,118,-1.5,265,
4807,?•Ê?-KY,"232,000","4,874,750",21.3,22.15,20.85,20.85,-2.3,112,
4904,?†ÂÇ≥,"7,424,367","463,903,721",61.5,63.5,61.1,63,0.3,"4,100",
4906,Ê≠??,"2,984,108","50,634,291",17.1,17.5,16.25,16.35,-0.55,"1,662",
4912,?ØÂæ∑?ßËÇ°-KY,"153,093","9,828,159",61,66.4,61,63,0.5,145,
4915,?¥‰º∏,"3,936,469","153,322,656",40.15,40.3,37.75,37.75,-1.55,"2,144",
4916,"‰∫ãÊ¨£Áß?,549","015""","12,754,111",23.1,23.6,22.65,22.65,-0.95,320,
4919,?∞Â?,"1,250,085","38,329,963",30.25,31.3,30.2,30.2,0,958,
4927,Ê≥∞È?-KY,"14,505,450","746,637,798",50.9,52.7,50,50.5,1.35,"9,431",
4930,"?¶Ê?Á∂?,192","400""","1,403,833",7.19,7.4,7.19,7.26,-0.14,97,
4934,Â§™Ê•µ,"2,867,061","32,202,099",11.6,11.9,10.45,10.45,-1,"1,174",
4935,?ÇÊ?-KY,"6,296,843","534,211,891",85,88,80.7,80.7,-2.1,"4,648",
4938,?åÁ¢©,"8,971,566","455,337,007",51,51.7,50.2,50.3,-0.4,"5,024",
4942,?âÂΩ∞,"745,260","20,764,964",27.8,28.35,27.55,27.6,-0.15,501,
4943,Â∫∑Êéß-KY,"3,680,139","336,295,447",91.9,93.5,88.4,89.3,1.2,"2,847",
4952,"?åÈÄ?,412","708""","10,820,491",26.9,26.9,25.95,26.05,-0.4,259,
4956,?âÈ?,"337,707","2,795,987",8.28,8.39,8.23,8.23,-0.02,219,
4958,?ªÈ?-KY,"11,451,605","944,291,602",80.8,85.4,80,81.1,1.9,"7,498",
4960,"Ë™†Á???,898","155""","3,734,078",4.1,4.47,3.9,4.14,-0.16,201,
4961,Â§©Èà∫,"1,159,901","25,840,080",22.4,23,21.35,21.4,-1.1,695,
4967,?ÅÈ?,"8,460,840","258,549,946",33.1,33.25,29.35,29.35,-3.25,"4,787",
4968,Á´ãÁ?,"5,348,089","590,398,667",114.5,116,103,103,-7.5,"3,843",
4976,‰Ω≥Â?,"1,233,084","17,250,274",14.1,14.6,13.3,13.5,-0.45,766,
4977,?æÈ?-KY,"2,662,256","227,045,000",90,90.5,80,80.1,-6.9,"1,985",
4989,Ê¶ÆÁ?,"431,000","5,852,900",14.05,14.05,13.1,13.1,-0.45,218,
4994,?≥Â?,"223,560","10,188,695",48.4,48.4,44.5,44.5,0.5,205,
4999,?´Á¶æ,"112,000","3,451,000",31.55,31.7,30.15,30.4,-1.15,100,
5007,‰∏âÊ?,"312,119","13,933,724",44.95,46,43.75,46,1.05,225,
5203,"Ë®äÈÄ?,1",510,"060""","139,713,807",95.4,97.2,90,90.1,-4.2,"1,321"
5215,ÁßëÂ?-KY,"1,342,600","68,214,119",49.5,52.2,49.4,50.4,1.9,"1,008",
5225,?±Á?-KY,"495,000","10,726,950",22.05,22.3,21.2,21.25,-0.1,336,
5234,?îË??êÊ?,"637,307","44,774,189",72.1,72.4,68.1,68.1,-3.4,502,
5243,‰πôÁ?-KY,"999,021","25,524,043",26,26.15,25.15,25.15,-0.75,597,
5258,?πÂ†°,"292,100","4,932,630",17.2,17.4,16.25,16.35,-0.65,183,
5264,?ßÂ?-KY,"4,509,150","159,199,060",34,36.5,33,34.65,1.15,"2,745",
5269,Á••Á¢©,"1,914,258","1,329,558,020",692,727,672,685,13,"1,848",
5283,"Á¶æËÅØÁ¢?,263","370""","24,073,399",92.2,92.8,90.6,90.9,-0.2,202,
5284,jpp-KY,"68,208","2,284,726",35.2,35.2,32.65,32.65,-2.45,50,
5285,?åÈ?,"346,011","13,055,501",36.8,39,36.8,37.4,0.05,229,
5288,Ë±êÁ••-KY,"136,186","12,699,498",94,94,92,92.1,-1.4,114,
5305,?¶Â?,"598,802","23,432,875",38.85,39.6,38.8,39,0.2,420,
5388,‰∏≠Á?,"2,028,550","123,299,200",61.4,61.6,59.3,59.3,-2,"1,437",
5434,Â¥áË?,"1,361,275","117,768,075",88,88.6,84,84,-3.4,"1,123",
5469,"?öÂ???,6",222,"492""","192,752,850",31.5,31.5,30.4,30.4,-0.1,"2,920"
5471,?æÁø∞,"6,854,630","241,494,431",35.5,36.2,34.5,34.5,0.05,"4,409",
5484,?ßÂ?,"254,477","1,887,281",7.47,7.47,7.1,7.44,0.04,52,
5515,Âª∫Â?,"937,542","7,392,529",8.09,8.26,7.71,7.79,-0.28,294,
5519,?ÜÂ§ß,"990,603","11,223,451",11.5,11.6,11.1,11.1,-0.3,488,
5521,Â∑•‰ø°,"2,497,213","15,751,652",6.6,6.64,6.12,6.12,-0.36,903,
5522,?†È?,"1,648,604","53,333,377",32.6,32.8,31.95,32.2,-0.4,"1,088",
5525,?ÜÂ§©,"141,400","2,413,739",17.2,17.5,16.7,17.2,0,114,
5531,?âÊ?,"1,261,084","9,515,842",7.83,7.83,7.31,7.7,0,536,
5533,?áÈ?,"146,292","2,085,081",14.25,14.5,14.05,14.05,-0.3,81,
5534,?∑Ëôπ,"908,301","63,242,739",70.1,70.9,67.8,68.1,-2,630,
5538,?±Ê?-KY,"12,000","317,950",24.8,27.8,24.8,27.8,2.5,12,
5607,"?†È?Ê∏?,1",485,"031""","26,705,114",18.15,18.35,17.6,17.7,-0.4,485
5608,"?õÁ∂≠??,807","890""","4,125,820",5.2,5.2,5.01,5.14,-0.18,318,
5706,È≥≥Âá∞,"431,927","10,163,483",25.65,25.65,23.15,23.15,-2.55,352,
5871,‰∏≠Á?-KY,"11,706,164","1,020,155,493",87.9,89,86.2,86.3,-1,"6,359",
5876,‰∏äÊµ∑?ÜÈ?,"11,271,026","429,547,467",38.2,39.1,37.2,38,-0.25,"5,071",
5880,"?àÂ∫´??,47",781,"712""","821,741,554",17.35,17.4,17.1,17.1,-0.25,"14,441"
5906,?∞Â?-KY,"18,000","301,000",16.6,17.05,16.4,16.9,0.1,16,
5907,Â§ßÊ?-KY,"382,500","6,438,300",16.9,17.45,16.25,16.75,0,245,
6005,"Áæ§Á?Ë≠?,3",648,"468""","30,375,571",8.39,8.43,8.28,8.3,-0.05,"1,133"
6024,"Áæ§Á???,573","227""","19,902,573",35.1,35.45,34.4,34.4,-0.6,390,
6108,Á´∂Â?,"791,006","14,435,664",19.1,19.1,17.7,17.7,-0.8,485,
6112,?öÁ¢©,"1,160,352","37,087,239",32.2,32.45,31.5,31.55,-0.5,788,
6115,?∞Â?,"326,000","12,578,300",38.8,38.8,38.4,38.5,-0.3,209,
6116,ÂΩ©Êô∂,"18,451,286","98,578,238",5.39,5.45,5.17,5.17,-0.12,"4,456",
6117,ËøéÂª£,"15,000","179,950",12.4,12.4,11.5,11.5,-0.8,15,
6120,?îÈ?,"2,507,458","22,630,570",9.24,9.36,8.51,8.51,-0.69,"1,188",
6128,‰∏äÁ?,"92,216","2,307,120",25.2,25.25,24.9,25.1,0.1,80,
6131,?ûÊ≥∞,"32,244","105,642",3.49,3.49,3.16,3.17,-0.32,35,
6133,?ëÊ?,"83,013","552,506",6.7,6.7,6.5,6.7,-0.24,48,
6136,"ÂØåÁàæ??,307","187""","4,936,819",16.05,16.2,15.9,15.9,-0.1,183,
6139,‰∫ûÁ?,"762,002","16,303,446",21.6,21.8,21.1,21.1,-0.15,396,
6141,?èÊâø,"1,040,057","14,741,798",14.35,14.45,13.9,13.9,0,562,
6142,?ãÂ?,"309,861","1,353,370",4.19,4.5,4.19,4.38,-0.07,101,
6152,?æ‰?,"128,210","569,614",4.62,4.62,4.32,4.37,-0.06,79,
6153,"?âËÅØ??,8",97,"829""","181,019,904",22.6,23.1,21.5,21.5,-0.6,"3,901"
6155,?ûÂØ∂,"366,050","6,454,745",17.9,17.95,17.1,17.2,-0.15,294,
6164,?ØË?,"280,000","1,386,940",4.82,5.1,4.82,4.93,-0.03,94,
6165,?∑Ê≥∞,"533,199","8,837,079",17,17.7,15.6,15.6,-1.3,232,
6166,?åËèØ,"1,062,639","57,606,710",52.3,56.5,52.3,56.5,2.4,747,
6168,ÂÆèÈ?,"620,098","6,268,967",10.2,10.3,9.91,9.93,-0.27,353,
6172,‰∫íÂ?,"37,000","700,300",18.9,19.2,18.7,18.9,0.35,30,
6176,?ûÂ?,"4,755,555","383,347,819",82.5,83.8,77.3,77.3,-4.7,"3,351",
6177,?îÈ?,"661,088","15,514,893",23.85,23.95,23.15,23.25,-0.55,323,
6183,?úË≤ø,"501,458","18,654,382",37.7,38.1,36.1,36.65,-1.45,345,
6184,"Â§ßË???,187","700""","7,231,069",38.5,38.7,38.2,38.5,-0.1,141,
6189,Ë±êË?,"1,769,525","50,857,402",29.4,29.4,28.35,28.35,-1.05,"1,120",
6191,"Á≤æÊ?Áß?,2",346,"400""","26,689,789",11.4,11.7,11.2,11.2,-0.1,872
6192,Â∑®Ë∑Ø,"290,768","16,331,498",55.5,57,55.4,55.5,0.2,267,
6196,Â∏ÜÂÆ£,"1,510,527","81,314,033",54.5,55,52.5,53.2,0.2,"1,176",
6197,"‰Ω≥Â???,1",51,"966""","23,420,862",23.2,23.4,21.3,21.5,-1.5,544
6201,"‰∫ûÂ???,183","000""","5,742,850",31.6,32.1,30.8,31,-0.6,150,
6202,?õÁæ§,"2,057,500","127,498,900",63.1,63.2,60.3,60.4,-3,"1,618",
6205,Ë©ÆÊ¨£,"45,040","882,987",19.6,19.85,19.35,19.6,-0.05,42,
6206,È£õÊç∑,"426,143","24,964,936",59.1,59.7,57.1,57.1,-1.9,357,
6209,"‰ªäÂ???,803","269""","12,701,235",16,16.25,15.35,15.35,-0.4,519,
6213,?ØË?,"13,578,297","1,602,083,843",115,121,112.5,118,8,"8,021",
6214,Á≤æË?,"1,127,229","81,865,710",73.2,73.8,71.5,71.6,-1.3,865,
6215,?åÊ§ø,"277,193","2,865,320",10.3,10.45,10.25,10.4,0.15,124,
6216,Â±ÖÊ?,"195,050","4,521,310",23.2,23.75,22.6,22.6,-1.15,176,
6224,?öÈ?,"309,597","15,888,902",52,52.3,50.6,50.8,-0.8,271,
6225,"Â§©ÁÄ?,49","745""","98,375",1.98,1.98,1.98,1.98,X0.00,6,
6226,?âÈ?,"914,027","5,744,202",6.37,6.37,6.22,6.25,-0.05,372,
6230,Ë∂ÖÁúæ,"3,699,713","677,057,257",176,189,175.5,189,17,"2,874",
6235,?ØÂ?,"469,561","3,757,188",7.96,8.34,7.9,7.95,-0.01,235,
6239,?õÊ?,"7,785,459","608,329,484",81.8,81.9,75.8,76,-3.7,"5,055",
6243,ËøÖÊù∞,"178,009","1,104,484",6.32,6.32,6.05,6.17,-0.15,101,
6251,ÂÆöÁ?,"4,660,514","62,827,131",13.7,13.95,13,13.05,-0.55,"1,945",
6257,?ΩÊ†º,"5,780,590","179,486,997",31.4,31.8,30.2,30.2,-0.85,"3,156",
6269,?∞ÈÉ°,"6,239,041","562,066,939",91.8,91.9,87,87,-2.8,"3,775",
6271,"?åÊ¨£??,3",707,"478""","376,502,566",104.5,105,98.8,99,-2,"2,560"
6277,ÂÆèÊ≠£,"313,000","24,408,100",79,79.5,77.2,77.2,-1.5,256,
6278,"?∞Ë°®Áß?,7",381,"320""","475,054,440",66.9,67.4,61.4,61.4,-3.4,"5,273"
6281,"?®Â???,242","350""","14,995,728",62.5,62.5,61.1,61.1,-1.2,216,
6282,Â∫∑Ë?,"2,436,920","42,443,846",17.6,17.8,17,17,-0.4,"1,314",
6283,Ê∑≥Â?,"587,950","8,054,629",13.65,14.3,13.4,13.4,-0.25,299,
6285,?üÁ?,"3,088,068","158,439,334",52.5,53.2,50,50.1,-2,"1,973",
6288,?ØÂ?,"1,727,515","27,682,411",16.05,16.4,15.75,15.75,0.15,838,
6289,?Ø‰?,"64,977","101,392",1.66,1.66,1.55,1.55,-0.11,69,
6405,?ÖÂ?,"88,000","970,450",11.3,11.3,10.7,11,-0.2,50,
6409,?≠Èöº,"357,071","218,395,526",605,625,605,611,10,206,
6412,Áæ§Èõª,"1,478,185","69,114,631",47.45,47.7,46.05,46.2,-1,"1,203",
6414,Ê®∫Êº¢,"2,101,533","312,628,318",154.5,158,142,143,-8.5,"1,828",
6415,?ΩÂ?-KY,"1,669,948","1,280,011,872",803,804,712,712,-66,"1,624",
6416,"?ûÁ•∫?ªÈÄ?,7",605,"468""","893,830,852",117.5,121,112,114,-1,"5,876"
6431,?âÈ?-KY,"95,000","1,987,150",20.5,21.05,20.5,20.5,-0.3,20,
6442,?âË?,"113,712","4,089,854",36.25,36.5,34.6,34.6,-0.4,77,
6443,?ÉÊô∂,"1,448,863","6,924,162",4.74,4.85,4.68,4.68,0.01,464,
6449,?∫ÈÇ¶,"204,035","4,609,071",23,23.1,22.1,22.15,-0.35,155,
6451,Ë®äËäØ-KY,"2,030,400","163,803,500",81.7,82.7,78,78,-1.2,"1,522",
6452,Â∫∑Â?-KY,"1,606,773","237,524,812",149.5,152.5,142.5,143.5,-3.5,"1,259",
6456,GIS-KY,"3,068,246","222,610,794",74.3,74.9,70.2,70.4,-2.2,"2,194",
6464,"?∞Êï∏Áß?,19","585""","2,139,435",109,111,107,111,0,20,
6477,ÂÆâÈ?,"329,000","5,666,100",17.5,17.5,17.1,17.1,-0.1,135,
6491,?∂Á¢©,"171,600","17,151,900",96.4,104,96.4,99.1,2.8,152,
6504,?óÂÖ≠,"1,462,320","206,382,800",143,145,138,138,-3.5,"1,132",
6505,"?∞Â???,7",848,"301""","537,013,960",68.9,69,67.8,68.2,-1.2,"4,706"
6525,?∑Ê?-KY,"335,409","15,525,514",46.1,47.3,45.1,46,-0.25,254,
6531,?õÊôÆ,"5,102,351","430,305,737",86.2,88.2,78.8,82.4,-0.7,"3,660",
6533,"?∂Â?Áß?,610","681""","47,112,394",79.3,79.7,73.1,73.4,-3.8,528,
6541,Ê≥∞Á?-KY,"1,102,216","30,938,469",29.4,30.25,26.8,26.85,-2.9,670,
6552,"?ìËèØ??,2",206,"201""","101,139,775",45.35,47.65,44.25,44.65,0.4,"1,553"
6558,"?àËÉΩÈ´?,3",729,"614""","115,181,847",32.1,32.8,29.65,29.65,-3.25,"2,643"
6573,?πÊ?-KY,"60,000","933,400",16.4,16.4,15.1,15.35,-0.85,48,
6579,?îÊ?,"115,041","6,936,692",60.8,60.9,59.7,60.2,-0.5,82,
6581,?ºËÅØ,"142,268","7,501,701",54.9,55,51,51,-4.2,106,
6582,?≥Ë?,"466,301","33,511,477",75,75,68,68,-5.7,396,
6591,?ïÂ?-KY,"375,000","12,135,750",32.85,33.1,31.35,31.5,-0.7,283,
6592,?åÊΩ§‰ºÅÊ•≠,"2,063,539","128,593,018",62,63.2,62,62,0,"1,294",
6605,Â∏ùÂØ∂,"307,436","12,949,329",43.2,43.5,41,41,-2,228,
6625,ÂøÖÊ?,"60,614","1,605,816",24.75,28.2,24.75,27.8,0.7,56,
6641,?∫Â£´Âæ?KY,"67,500","3,449,050",51,51.9,50.4,51.1,0.1,53,
6655,ÁßëÂ?,"182,969","6,515,946",34.8,36,34.8,35.9,1.7,143,
6666,ÁæÖÈ???KY,"156,120","15,063,900",94.3,98.5,94.3,96.9,3.3,148,
6668,"‰∏≠Ê???,1",359,"229""","68,410,071",52.2,52.2,48.3,48.5,-2.7,893
6669,Á∑ØÁ?,"2,248,997","1,514,950,077",695,695,641,641,-33,"2,146",
6670,Âæ©Á??âÁî®,"836,300","118,487,448",141,146,138.5,140,1.5,794,
6671,‰∏âËÉΩ-KY,"121,000","3,839,100",31.15,32.8,30.85,31.75,1.05,77,
6672,È®∞Ë??ªÂ?-KY,"661,100","48,919,030",74,75.2,72.5,72.5,-1.1,537,
6674,?êÂØ∂ÁßëÊ?,"78,050","1,340,580",17.35,17.45,17,17.25,-0.2,64,
6698,?≠Ê??âÊ?,"567,465","23,692,989",44.9,44.9,39.8,40.1,-4.1,435,
6706,?†Áâπ,"999,601","70,484,146",74.4,74.4,66.9,67.2,-6.1,803,
6715,?âÂü∫,"313,103","22,086,210",72.1,73,67.2,69.9,-1.1,241,
8011,"?∞ÈÄ?,652","455""","7,515,897",11.4,12.2,11.05,11.05,-0.5,326,
8016,?ΩÂâµ,"4,132,044","492,824,472",121,123.5,112,112,-7,"2,961",
8021,Â∞ñÈ?,"1,962,450","32,444,825",16.8,17,16.05,16.1,-0.4,"1,190",
8028,"?áÈôΩ?äÂ?È´?,2",741,"637""","114,044,867",42.2,43.25,39.85,39.9,-1.35,"1,732"
8033,?∑Ë?,"321,252","2,281,588",7.07,7.21,7,7.05,-0.01,160,
8039,?∞Ëôπ,"3,668,344","149,742,019",41.4,41.85,39.5,39.55,-1.45,"2,158",
8046,?óÈõª,"16,084,477","767,353,468",46,49.15,45.3,47.6,2.9,"9,363",
8070,?∑ËèØ,"217,758","29,110,314",133.5,135,132,132.5,0,199,
8072,?ûÊ≥∞,"81,250","1,627,400",20.05,20.15,20,20,-0.05,63,
8081,?¥Êñ∞,"1,329,207","126,114,212",96.2,97,93.2,93.9,-0.5,994,
8101,?ØÂ?,"734,489","2,875,277",3.9,4.06,3.7,3.87,0.08,275,
8103,?öË?,"280,877","5,152,100",19,19.05,17.55,17.65,-1.15,165,
8104,?∏ÂØ∂,"222,220","6,090,080",27.7,28.05,26.65,26.75,-0.4,182,
8105,?åÂ∑®,"1,756,156","14,437,071",8.2,8.4,8.06,8.08,0.03,690,
8110,?ØÊù±,"2,105,325","15,642,911",7.51,7.62,7.24,7.24,-0.26,770,
8112,?≥‰?,"4,799,068","143,724,869",30.3,30.55,29.5,29.5,-0.6,"2,940",
8114,"?ØÊ®∫??,196","025""","14,224,025",72.1,73.8,72,72.6,0.6,176,
8131,"Á¶èÊ?Áß?,1",501,"100""","47,564,810",32.1,32.3,31.45,31.5,-0.35,943
8150,?óË?,"5,911,679","152,103,925",26,26.2,25,25,-0.45,"3,126",
8163,?îÊñπ,"2,382,783","69,075,930",29.5,29.55,28.5,28.6,-0.05,"1,685",
8201,?°Êïµ,"100,000","740,090",7.6,7.6,7.12,7.29,-0.23,69,
8210,?§Ë?,"2,289,161","165,246,300",72.4,74,70,70,1,"1,792",
8213,ÂøóË?,"1,380,830","37,278,882",27.2,27.35,26.75,26.75,-0.3,720,
8215,"?éÂü∫??,2",449,"235""","31,671,864",12.75,13.2,12.5,12.65,-0.15,"1,059"
8222,ÂØ∂‰?,"295,139","3,452,722",12.6,12.6,11.4,11.75,-0.85,176,
8249,?±Â?,"248,211","4,157,119",16.85,17,16.3,16.3,-0.3,148,
8261,ÂØåÈ?,"399,023","6,799,892",17.1,17.5,16.5,16.7,-0.2,322,
8271,ÂÆáÁûª,"3,905,157","136,888,988",36.6,37,33.4,33.55,-2.15,"2,497",
8341,?•Â?,"297,832","61,656,560",208.5,210,202.5,203,-3.5,396,
8367,Âª∫Êñ∞?ãÈ?,"122,000","2,579,500",21.5,21.5,20.75,20.9,-0.3,71,
8374,ÁæÖÊ?,"139,266","2,006,855",14.65,14.65,14.05,14.45,0.1,99,
8404,?æÂ??àÊ•≠-KY,"536,751","15,169,252",28,28.8,27.65,28.1,0.3,389,
8411,Á¶èË?-KY,"164,310","1,577,471",9.66,9.99,9.42,9.96,0.11,129,
8422,"?ØÂØßË°?,433","589""","59,627,693",139.5,139.5,136,136,-3.5,447,
8427,?∫Â?-KY,"15,000","574,750",39.1,39.1,37,37.95,-0.55,15,
8429,?ëÈ?-KY,"815,503","5,315,517",6.45,6.68,6.33,6.44,0,328,
8442,Â®ÅÂ?-KY,"173,001","7,888,846",43.95,46.2,43.95,45.95,1.95,58,
8443,?øÁò¶,"49,066","399,689",8.2,8.22,8,8.07,0,45,
8454,"ÂØåÈÇ¶Â™?,294","552""","93,310,328",307,331,303,314,6.5,279,
8462,?èÊ?,"780,890","95,931,428",128.5,130.5,117,117,-12.5,941,
8463,"ÊΩ§Ê≥∞??,483","380""","15,250,148",33.5,33.85,29.8,29.9,-3.1,353,
8464,?ÑË?,"1,491,700","292,066,800",207.5,207.5,186.5,189,0,"1,259",
8466,ÁæéÂ???KY,"62,000","3,743,500",61,61.2,58.7,60.2,-0.5,41,
8467,Ê≥¢Â?-KY,"16,000","643,550",39.5,40.95,39.5,40.2,-0.75,14,
8473,"Â±±Ê?Ê∞?,235","283""","8,537,227",37.05,37.05,35.7,35.75,-1.65,156,
8478,?±Âì•?äË?,"182,000","5,233,000",26.85,29.3,26.85,28.4,1.75,131,
8480,Ê≥∞Ê?-KY,"29,125","3,425,062",118.5,118.5,117,117.5,0,31,
8481,?ø‰º∏,"21,000","1,055,000",51,51,49.7,49.7,-0.9,21,
8482,?ÜÂ?-KY,"103,025","11,977,887",120,120,110.5,114.5,-5.5,81,
8488,?âÊ?-KY,"14,000","174,100",12.25,12.65,12.25,12.3,-0.3,14,
8497,?ºÂ??≥Â?,"302,927","20,551,155",67.9,67.9,67.8,67.8,-0.1,287,
8499,ÈºéÁÇ´-KY,"149,030","10,124,340",67.2,69.7,66.7,66.7,0.7,133,
8926,"?∞Ê±Ω??,2",873,"470""","82,902,779",28.85,29.25,28.55,28.6,-0.25,"1,456"
8940,"?∞Â§©??,40","000""","348,290",8.97,8.97,8.42,8.79,-0.21,33,
8996,È´òÂ?,"5,291,290","242,374,639",46.4,47.45,44.2,44.5,-0.35,"3,640",
9103,ÁæéÂæ∑?´Á?-DR,"8,273,100","34,460,120",4.38,4.38,4.03,4.03,-0.31,"1,785",
910322,Â∫∑Â∏´??DR,"116,000","2,963,600",25.7,25.95,25.4,25.7,1,27,
910482,?ñÈ¶¨‰∏?DR,"13,704","3,654",0.26,0.27,0.26,0.27,0,7,
9105,Ê≥∞È?ÂØ?DR,"5,030,903","12,586,915",2.59,2.59,2.45,2.45,-0.06,702,
910861,Á•ûÂ?-DR,"28,000","183,580",6.37,6.66,6.37,6.66,-0.21,15,
9110,Ë∂äÂ???DR,"138,000","179,800",1.35,1.4,1.27,1.31,-0.04,34,
911608,?éË?-DR,"52,000","47,000",0.91,0.92,0.9,0.92,-0.02,8,
911616,?úÂ∫∑-DR,"367,000","261,740",0.73,0.74,0.7,0.71,-0.03,55,
911622,Ê≥∞Ë?‰∫?DR,0,0,0,0,0,0,0,0,
911868,?åÊñπ?ãÂ?-DR,"83,000","72,880",0.89,0.89,0.87,0.88,-0.01,16,
912000,?®Ë?Áß?DR,"27,000","45,020",1.75,1.75,1.63,1.63,-0.12,13,
912398,?ã‰Ω≥-DR,"10,000","29,300",3.35,3.35,2.85,2.88,X0.00,4,
9136,Â∑®È®∞-DR,"263,000","1,528,160",5.94,5.94,5.72,5.87,-0.07,63,
9188,Á≤æÁ?-DR,"76,000","192,180",2.52,2.55,2.52,2.55,0.04,26,
9802,?∫È?-KY,"1,740,050","136,134,100",80,80.2,75.5,76.5,-1.5,"1,331",
9902,?∞ÁÅ´,"144,100","1,043,033",7.2,7.45,7.13,7.13,-0.24,79,
9904,ÂØ∂Ê?,"13,533,108","350,201,158",26.2,26.3,25.4,25.4,-1.1,"6,258",
9905,Â§ßËèØ,"424,010","8,089,694",19.2,19.3,19,19.05,-0.15,200,
9906,"Ê¨?∑¥Â∑?,68","000""","1,111,450",16.4,16.5,16,16.5,0.5,30,
9907,"Áµ±‰?ÂØ?,2",260,"887""","18,672,880",8.26,8.39,8.2,8.2,0,900
9908,"Â§ßÂè∞??,412","410""","11,636,668",28,28.55,27.75,28.4,0.25,266,
9910,Ë±êÊ≥∞,"2,721,446","348,676,908",130.5,131,125,127,-3.5,"1,999",
9911,Ê´ªËä±,"900,257","36,079,980",39.75,40.6,39.5,40,0.3,755,
9912,?âËÅØ,"55,203","347,058",6.49,6.65,6,6.15,-0.28,45,
9914,"ÁæéÂà©??,1",695,"983""","192,272,582",118.5,118.5,110.5,111.5,-8.5,"1,264"
9917,"‰∏≠‰?Áß?,599","926""","48,748,906",82.9,82.9,80.5,81,-1,564,
9918,"Ê¨?§©??,70","001""","2,223,132",31.3,32,31.3,31.55,-0.45,56,
9919,"Â∫∑ÈÇ£È¶?,16",373,"626""","314,948,944",19.45,19.9,18.65,18.85,-0.25,"7,398"
9921,Â∑®Â§ß,"2,108,399","274,578,765",129.5,133.5,125,132,1,"1,657",
9924,Á¶èË?,"1,968,555","67,317,722",35.9,35.9,33.5,34,-1.95,"1,067",
9925,?∞‰?,"391,709","13,140,815",33.65,33.65,33.4,33.55,-0.1,268,
9926,?∞Êµ∑,"52,910","2,047,027",38.6,39.1,38.5,38.6,-0.35,57,
9927,Ê≥∞È?,"599,027","16,073,470",27.2,27.2,26.5,26.5,-0.7,360,
9928,‰∏≠Ë?,"5,085","20,540",4.04,4.04,4.04,4.04,-0.14,7,
9929,ÁßãÈõ®,"25,018","292,508",11.3,12.15,11.3,11.9,0.65,24,
9930,‰∏≠ËÅØË≥áÊ?,"231,700","9,277,960",40.7,40.7,39.75,39.75,-0.3,193,
9931,Ê¨??,"51,125","1,753,535",34.3,34.95,34,34,0,40,
9933,‰∏≠È?,"2,376,095","68,481,534",29.25,29.4,28.55,28.55,-0.6,"1,832",
9934,?êÈ?,"1,087,675","12,469,060",11.6,11.6,11.2,11.2,-0.45,632,
9935,"?∂Ë?ÂØ?,3",891,"130""","85,314,491",21.5,22.9,21,21.05,-2.2,"1,570"
9937,?®Â?,"99,540","4,088,983",40.7,42.4,40.5,42.4,0.45,73,
9938,?æÂ?,"1,859,507","95,411,309",52.6,53.4,50.2,50.9,-1.4,"1,204",
9939,ÂÆèÂÖ®,"3,226,364","144,916,386",46,46.45,43.9,44,-2,"2,137",
9940,‰ø°Áæ©,"614,392","15,029,849",25,25,24.1,24.15,-0.85,482,
9941,Ë£ïË?,"1,154,041","94,259,381",83,84,80.5,80.5,-1.9,977,
9941A,Ë£ïË??≤Áâπ,"110,495","5,692,743",51,51.6,51,51.5,0.5,74,
9942,?ÇÈ?,"446,980","25,102,580",58.4,58.4,55.2,55.5,-2.9,298,
9943,"Â•ΩÊ?Ëø?,1",240,"952""","62,381,800",52.3,52.3,49.5,49.6,-2.7,965
9944,?∞È?,"1,463,020","22,024,560",15.6,15.6,14.6,14.65,-0.75,796,
9945,"ÊΩ§Ê≥∞??,5",262,"676""","178,768,894",34.2,34.3,33.4,33.4,-0.65,"3,169"
9946,‰∏âÁôº?∞Áî¢,"871,456","10,936,770",12.55,12.55,12.55,12.55,-1.35,46,
9955,‰Ω≥È?,"827,246","10,257,476",13.1,13.1,11.85,12.1,-0.5,412,
9958,"‰∏ñÁ???,10",816,"881""","868,126,524",81,81.8,78.5,79.5,0.9,"6,743"
